product_id,product_name,date,price_min,price_max,unit,fetched_at
206,ข้าวโพดหวาน – เบอร์กลาง,2023-12-31,10.0,11.0,กก.,2026-03-31T22:18:42.051236
206,ข้าวโพดหวาน – เบอร์กลาง,2024-01-01,11.0,12.0,กก.,2026-03-31T22:18:42.051259
206,ข้าวโพดหวาน – เบอร์กลาง,2024-01-02,11.0,12.0,กก.,2026-03-31T22:18:42.051266
206,ข้าวโพดหวาน – เบอร์กลาง,2024-01-03,11.0,12.0,กก.,2026-03-31T22:18:42.051271
206,ข้าวโพดหวาน – เบอร์กลาง,2024-01-04,11.0,12.0,กก.,2026-03-31T22:18:42.051276
206,ข้าวโพดหวาน – เบอร์กลาง,2024-01-05,11.0,12.0,กก.,2026-03-31T22:18:42.051281
206,ข้าวโพดหวาน – เบอร์กลาง,2024-01-06,11.0,12.0,กก.,2026-03-31T22:18:42.051286
206,ข้าวโพดหวาน – เบอร์กลาง,2024-01-07,11.0,12.0,กก.,2026-03-31T22:18:42.051291
206,ข้าวโพดหวาน – เบอร์กลาง,2024-01-08,10.0,11.0,กก.,2026-03-31T22:18:42.051296
206,ข้าวโพดหวาน – เบอร์กลาง,2024-01-09,10.0,11.0,กก.,2026-03-31T22:18:42.051300
206,ข้าวโพดหวาน – เบอร์กลาง,2024-01-10,10.0,11.0,กก.,2026-03-31T22:18:42.051305
206,ข้าวโพดหวาน – เบอร์กลาง,2024-01-11,10.0,11.0,กก.,2026-03-31T22:18:42.051310
206,ข้าวโพดหวาน – เบอร์กลาง,2024-01-12,10.0,11.0,กก.,2026-03-31T22:18:42.051314
206,ข้าวโพดหวาน – เบอร์กลาง,2024-01-13,10.0,11.0,กก.,2026-03-31T22:18:42.051319
206,ข้าวโพดหวาน – เบอร์กลาง,2024-01-14,10.0,11.0,กก.,2026-03-31T22:18:42.051323
206,ข้าวโพดหวาน – เบอร์กลาง,2024-01-15,10.0,11.0,กก.,2026-03-31T22:18:42.051328
206,ข้าวโพดหวาน – เบอร์กลาง,2024-01-16,10.0,11.0,กก.,2026-03-31T22:18:42.051333
206,ข้าวโพดหวาน – เบอร์กลาง,2024-01-17,10.0,11.0,กก.,2026-03-31T22:18:42.051337
206,ข้าวโพดหวาน – เบอร์กลาง,2024-01-18,10.0,11.0,กก.,2026-03-31T22:18:42.051342
206,ข้าวโพดหวาน – เบอร์กลาง,2024-01-19,10.0,11.0,กก.,2026-03-31T22:18:42.051347
206,ข้าวโพดหวาน – เบอร์กลาง,2024-01-20,10.0,11.0,กก.,2026-03-31T22:18:42.051351
206,ข้าวโพดหวาน – เบอร์กลาง,2024-01-21,10.0,11.0,กก.,2026-03-31T22:18:42.051356
206,ข้าวโพดหวาน – เบอร์กลาง,2024-01-22,10.0,11.0,กก.,2026-03-31T22:18:42.051361
206,ข้าวโพดหวาน – เบอร์กลาง,2024-01-23,10.0,11.0,กก.,2026-03-31T22:18:42.051365
206,ข้าวโพดหวาน – เบอร์กลาง,2024-01-24,10.0,11.0,กก.,2026-03-31T22:18:42.051370
206,ข้าวโพดหวาน – เบอร์กลาง,2024-01-25,10.0,11.0,กก.,2026-03-31T22:18:42.051374
206,ข้าวโพดหวาน – เบอร์กลาง,2024-01-26,10.0,11.0,กก.,2026-03-31T22:18:42.051379
206,ข้าวโพดหวาน – เบอร์กลาง,2024-01-27,10.0,11.0,กก.,2026-03-31T22:18:42.051384
206,ข้าวโพดหวาน – เบอร์กลาง,2024-01-28,10.0,11.0,กก.,2026-03-31T22:18:42.051388
206,ข้าวโพดหวาน – เบอร์กลาง,2024-01-29,10.0,11.0,กก.,2026-03-31T22:18:42.051393
206,ข้าวโพดหวาน – เบอร์กลาง,2024-01-30,10.0,11.0,กก.,2026-03-31T22:18:42.051397
206,ข้าวโพดหวาน – เบอร์กลาง,2024-01-31,9.0,10.0,กก.,2026-03-31T22:18:42.051402
206,ข้าวโพดหวาน – เบอร์กลาง,2024-02-01,10.0,11.0,กก.,2026-03-31T22:18:42.051406
206,ข้าวโพดหวาน – เบอร์กลาง,2024-02-02,10.0,11.0,กก.,2026-03-31T22:18:42.051411
206,ข้าวโพดหวาน – เบอร์กลาง,2024-02-03,10.0,11.0,กก.,2026-03-31T22:18:42.051415
206,ข้าวโพดหวาน – เบอร์กลาง,2024-02-04,10.0,11.0,กก.,2026-03-31T22:18:42.051420
206,ข้าวโพดหวาน – เบอร์กลาง,2024-02-05,10.0,11.0,กก.,2026-03-31T22:18:42.051424
206,ข้าวโพดหวาน – เบอร์กลาง,2024-02-06,10.0,11.0,กก.,2026-03-31T22:18:42.051429
206,ข้าวโพดหวาน – เบอร์กลาง,2024-02-07,10.0,11.0,กก.,2026-03-31T22:18:42.051433
206,ข้าวโพดหวาน – เบอร์กลาง,2024-02-08,10.0,11.0,กก.,2026-03-31T22:18:42.051438
206,ข้าวโพดหวาน – เบอร์กลาง,2024-02-09,10.0,11.0,กก.,2026-03-31T22:18:42.051443
206,ข้าวโพดหวาน – เบอร์กลาง,2024-02-10,10.0,11.0,กก.,2026-03-31T22:18:42.051447
206,ข้าวโพดหวาน – เบอร์กลาง,2024-02-11,10.0,11.0,กก.,2026-03-31T22:18:42.051452
206,ข้าวโพดหวาน – เบอร์กลาง,2024-02-12,10.0,11.0,กก.,2026-03-31T22:18:42.051456
206,ข้าวโพดหวาน – เบอร์กลาง,2024-02-13,10.0,11.0,กก.,2026-03-31T22:18:42.051461
206,ข้าวโพดหวาน – เบอร์กลาง,2024-02-14,10.0,11.0,กก.,2026-03-31T22:18:42.051465
206,ข้าวโพดหวาน – เบอร์กลาง,2024-02-15,9.0,10.0,กก.,2026-03-31T22:18:42.051469
206,ข้าวโพดหวาน – เบอร์กลาง,2024-02-16,9.0,10.0,กก.,2026-03-31T22:18:42.051474
206,ข้าวโพดหวาน – เบอร์กลาง,2024-02-17,9.0,10.0,กก.,2026-03-31T22:18:42.051478
206,ข้าวโพดหวาน – เบอร์กลาง,2024-02-18,9.0,10.0,กก.,2026-03-31T22:18:42.051483
206,ข้าวโพดหวาน – เบอร์กลาง,2024-02-19,9.0,10.0,กก.,2026-03-31T22:18:42.051487
206,ข้าวโพดหวาน – เบอร์กลาง,2024-02-20,9.0,10.0,กก.,2026-03-31T22:18:42.051492
206,ข้าวโพดหวาน – เบอร์กลาง,2024-02-21,9.0,10.0,กก.,2026-03-31T22:18:42.051496
206,ข้าวโพดหวาน – เบอร์กลาง,2024-02-22,9.0,10.0,กก.,2026-03-31T22:18:42.051501
206,ข้าวโพดหวาน – เบอร์กลาง,2024-02-23,9.0,10.0,กก.,2026-03-31T22:18:42.051505
206,ข้าวโพดหวาน – เบอร์กลาง,2024-02-24,9.0,10.0,กก.,2026-03-31T22:18:42.051510
206,ข้าวโพดหวาน – เบอร์กลาง,2024-02-25,9.0,10.0,กก.,2026-03-31T22:18:42.051514
206,ข้าวโพดหวาน – เบอร์กลาง,2024-02-26,9.0,10.0,กก.,2026-03-31T22:18:42.051519
206,ข้าวโพดหวาน – เบอร์กลาง,2024-02-27,9.0,10.0,กก.,2026-03-31T22:18:42.051523
206,ข้าวโพดหวาน – เบอร์กลาง,2024-02-28,9.0,10.0,กก.,2026-03-31T22:18:42.051528
206,ข้าวโพดหวาน – เบอร์กลาง,2024-03-01,9.0,10.0,กก.,2026-03-31T22:18:42.051532
206,ข้าวโพดหวาน – เบอร์กลาง,2024-03-02,8.0,10.0,กก.,2026-03-31T22:18:42.051537
206,ข้าวโพดหวาน – เบอร์กลาง,2024-03-03,9.0,10.0,กก.,2026-03-31T22:18:42.051541
206,ข้าวโพดหวาน – เบอร์กลาง,2024-03-04,9.0,10.0,กก.,2026-03-31T22:18:42.051546
206,ข้าวโพดหวาน – เบอร์กลาง,2024-03-05,9.0,10.0,กก.,2026-03-31T22:18:42.051551
206,ข้าวโพดหวาน – เบอร์กลาง,2024-03-06,9.0,10.0,กก.,2026-03-31T22:18:42.051621
206,ข้าวโพดหวาน – เบอร์กลาง,2024-03-07,9.0,10.0,กก.,2026-03-31T22:18:42.051642
206,ข้าวโพดหวาน – เบอร์กลาง,2024-03-08,9.0,10.0,กก.,2026-03-31T22:18:42.051645
206,ข้าวโพดหวาน – เบอร์กลาง,2024-03-09,9.0,10.0,กก.,2026-03-31T22:18:42.051649
206,ข้าวโพดหวาน – เบอร์กลาง,2024-03-10,8.0,9.0,กก.,2026-03-31T22:18:42.051653
206,ข้าวโพดหวาน – เบอร์กลาง,2024-03-11,8.0,9.0,กก.,2026-03-31T22:18:42.051657
206,ข้าวโพดหวาน – เบอร์กลาง,2024-03-12,8.0,9.0,กก.,2026-03-31T22:18:42.051660
206,ข้าวโพดหวาน – เบอร์กลาง,2024-03-13,8.0,9.0,กก.,2026-03-31T22:18:42.051664
206,ข้าวโพดหวาน – เบอร์กลาง,2024-03-14,8.0,9.0,กก.,2026-03-31T22:18:42.051668
206,ข้าวโพดหวาน – เบอร์กลาง,2024-03-15,8.0,9.0,กก.,2026-03-31T22:18:42.051671
206,ข้าวโพดหวาน – เบอร์กลาง,2024-03-16,8.0,9.0,กก.,2026-03-31T22:18:42.051675
206,ข้าวโพดหวาน – เบอร์กลาง,2024-03-17,8.0,9.0,กก.,2026-03-31T22:18:42.051679
206,ข้าวโพดหวาน – เบอร์กลาง,2024-03-18,8.0,9.0,กก.,2026-03-31T22:18:42.051682
206,ข้าวโพดหวาน – เบอร์กลาง,2024-03-19,8.0,9.0,กก.,2026-03-31T22:18:42.051686
206,ข้าวโพดหวาน – เบอร์กลาง,2024-03-20,9.0,10.0,กก.,2026-03-31T22:18:42.051689
206,ข้าวโพดหวาน – เบอร์กลาง,2024-03-21,9.0,10.0,กก.,2026-03-31T22:18:42.051693
206,ข้าวโพดหวาน – เบอร์กลาง,2024-03-22,9.0,10.0,กก.,2026-03-31T22:18:42.051697
206,ข้าวโพดหวาน – เบอร์กลาง,2024-03-23,10.0,11.0,กก.,2026-03-31T22:18:42.051701
206,ข้าวโพดหวาน – เบอร์กลาง,2024-03-24,10.0,11.0,กก.,2026-03-31T22:18:42.051704
206,ข้าวโพดหวาน – เบอร์กลาง,2024-03-25,8.0,10.0,กก.,2026-03-31T22:18:42.051708
206,ข้าวโพดหวาน – เบอร์กลาง,2024-03-26,8.0,10.0,กก.,2026-03-31T22:18:42.051712
206,ข้าวโพดหวาน – เบอร์กลาง,2024-03-27,8.0,10.0,กก.,2026-03-31T22:18:42.051716
206,ข้าวโพดหวาน – เบอร์กลาง,2024-03-28,8.0,10.0,กก.,2026-03-31T22:18:42.051719
206,ข้าวโพดหวาน – เบอร์กลาง,2024-03-29,8.0,10.0,กก.,2026-03-31T22:18:42.051723
206,ข้าวโพดหวาน – เบอร์กลาง,2024-03-30,8.0,10.0,กก.,2026-03-31T22:18:42.051727
206,ข้าวโพดหวาน – เบอร์กลาง,2024-03-31,8.0,10.0,กก.,2026-03-31T22:18:42.051730
206,ข้าวโพดหวาน – เบอร์กลาง,2024-04-01,8.0,10.0,กก.,2026-03-31T22:18:42.051734
206,ข้าวโพดหวาน – เบอร์กลาง,2024-04-02,10.0,11.0,กก.,2026-03-31T22:18:42.051738
206,ข้าวโพดหวาน – เบอร์กลาง,2024-04-03,8.0,10.0,กก.,2026-03-31T22:18:42.051741
206,ข้าวโพดหวาน – เบอร์กลาง,2024-04-04,8.0,10.0,กก.,2026-03-31T22:18:42.051745
206,ข้าวโพดหวาน – เบอร์กลาง,2024-04-05,8.0,10.0,กก.,2026-03-31T22:18:42.051749
206,ข้าวโพดหวาน – เบอร์กลาง,2024-04-06,8.0,10.0,กก.,2026-03-31T22:18:42.051752
206,ข้าวโพดหวาน – เบอร์กลาง,2024-04-07,8.0,10.0,กก.,2026-03-31T22:18:42.051756
206,ข้าวโพดหวาน – เบอร์กลาง,2024-04-08,8.0,10.0,กก.,2026-03-31T22:18:42.051760
206,ข้าวโพดหวาน – เบอร์กลาง,2024-04-09,8.0,10.0,กก.,2026-03-31T22:18:42.051763
206,ข้าวโพดหวาน – เบอร์กลาง,2024-04-10,8.0,10.0,กก.,2026-03-31T22:18:42.051767
206,ข้าวโพดหวาน – เบอร์กลาง,2024-04-11,8.0,10.0,กก.,2026-03-31T22:18:42.051771
206,ข้าวโพดหวาน – เบอร์กลาง,2024-04-12,8.0,10.0,กก.,2026-03-31T22:18:42.051775
206,ข้าวโพดหวาน – เบอร์กลาง,2024-04-13,8.0,10.0,กก.,2026-03-31T22:18:42.051778
206,ข้าวโพดหวาน – เบอร์กลาง,2024-04-14,8.0,10.0,กก.,2026-03-31T22:18:42.051782
206,ข้าวโพดหวาน – เบอร์กลาง,2024-04-15,8.0,10.0,กก.,2026-03-31T22:18:42.051786
206,ข้าวโพดหวาน – เบอร์กลาง,2024-04-16,8.0,10.0,กก.,2026-03-31T22:18:42.051789
206,ข้าวโพดหวาน – เบอร์กลาง,2024-04-17,10.0,11.0,กก.,2026-03-31T22:18:42.051793
206,ข้าวโพดหวาน – เบอร์กลาง,2024-04-18,10.0,11.0,กก.,2026-03-31T22:18:42.051796
206,ข้าวโพดหวาน – เบอร์กลาง,2024-04-19,10.0,11.0,กก.,2026-03-31T22:18:42.051800
206,ข้าวโพดหวาน – เบอร์กลาง,2024-04-20,10.0,11.0,กก.,2026-03-31T22:18:42.051804
206,ข้าวโพดหวาน – เบอร์กลาง,2024-04-21,10.0,11.0,กก.,2026-03-31T22:18:42.051808
206,ข้าวโพดหวาน – เบอร์กลาง,2024-04-22,10.0,11.0,กก.,2026-03-31T22:18:42.051812
206,ข้าวโพดหวาน – เบอร์กลาง,2024-04-23,10.0,11.0,กก.,2026-03-31T22:18:42.051816
206,ข้าวโพดหวาน – เบอร์กลาง,2024-04-24,10.0,11.0,กก.,2026-03-31T22:18:42.051820
206,ข้าวโพดหวาน – เบอร์กลาง,2024-04-25,10.0,11.0,กก.,2026-03-31T22:18:42.051823
206,ข้าวโพดหวาน – เบอร์กลาง,2024-04-26,10.0,11.0,กก.,2026-03-31T22:18:42.051827
206,ข้าวโพดหวาน – เบอร์กลาง,2024-04-27,10.0,11.0,กก.,2026-03-31T22:18:42.051831
206,ข้าวโพดหวาน – เบอร์กลาง,2024-04-28,10.0,11.0,กก.,2026-03-31T22:18:42.051835
206,ข้าวโพดหวาน – เบอร์กลาง,2024-04-29,10.0,11.0,กก.,2026-03-31T22:18:42.051839
206,ข้าวโพดหวาน – เบอร์กลาง,2024-04-30,10.0,11.0,กก.,2026-03-31T22:18:42.051843
206,ข้าวโพดหวาน – เบอร์กลาง,2024-05-01,10.0,11.0,กก.,2026-03-31T22:18:42.051847
206,ข้าวโพดหวาน – เบอร์กลาง,2024-05-02,10.0,11.0,กก.,2026-03-31T22:18:42.051851
206,ข้าวโพดหวาน – เบอร์กลาง,2024-05-03,16.0,18.0,กก.,2026-03-31T22:18:42.051854
206,ข้าวโพดหวาน – เบอร์กลาง,2024-05-04,10.0,11.0,กก.,2026-03-31T22:18:42.051858
206,ข้าวโพดหวาน – เบอร์กลาง,2024-05-05,10.0,11.0,กก.,2026-03-31T22:18:42.051862
206,ข้าวโพดหวาน – เบอร์กลาง,2024-05-06,10.0,11.0,กก.,2026-03-31T22:18:42.051866
206,ข้าวโพดหวาน – เบอร์กลาง,2024-05-07,10.0,13.0,กก.,2026-03-31T22:18:42.051870
206,ข้าวโพดหวาน – เบอร์กลาง,2024-05-08,10.0,13.0,กก.,2026-03-31T22:18:42.051874
206,ข้าวโพดหวาน – เบอร์กลาง,2024-05-09,10.0,13.0,กก.,2026-03-31T22:18:42.051903
206,ข้าวโพดหวาน – เบอร์กลาง,2024-05-10,10.0,13.0,กก.,2026-03-31T22:18:42.051908
206,ข้าวโพดหวาน – เบอร์กลาง,2024-05-11,10.0,13.0,กก.,2026-03-31T22:18:42.051912
206,ข้าวโพดหวาน – เบอร์กลาง,2024-05-12,10.0,13.0,กก.,2026-03-31T22:18:42.051916
206,ข้าวโพดหวาน – เบอร์กลาง,2024-05-13,10.0,13.0,กก.,2026-03-31T22:18:42.051920
206,ข้าวโพดหวาน – เบอร์กลาง,2024-05-14,10.0,13.0,กก.,2026-03-31T22:18:42.051924
206,ข้าวโพดหวาน – เบอร์กลาง,2024-05-15,10.0,13.0,กก.,2026-03-31T22:18:42.051928
206,ข้าวโพดหวาน – เบอร์กลาง,2024-05-16,12.0,14.0,กก.,2026-03-31T22:18:42.051931
206,ข้าวโพดหวาน – เบอร์กลาง,2024-05-17,12.0,14.0,กก.,2026-03-31T22:18:42.051935
206,ข้าวโพดหวาน – เบอร์กลาง,2024-05-18,12.0,14.0,กก.,2026-03-31T22:18:42.051949
206,ข้าวโพดหวาน – เบอร์กลาง,2024-05-19,12.0,14.0,กก.,2026-03-31T22:18:42.051952
206,ข้าวโพดหวาน – เบอร์กลาง,2024-05-20,12.0,14.0,กก.,2026-03-31T22:18:42.051956
206,ข้าวโพดหวาน – เบอร์กลาง,2024-05-21,12.0,14.0,กก.,2026-03-31T22:18:42.051960
206,ข้าวโพดหวาน – เบอร์กลาง,2024-05-22,12.0,14.0,กก.,2026-03-31T22:18:42.051964
206,ข้าวโพดหวาน – เบอร์กลาง,2024-05-23,16.0,18.0,กก.,2026-03-31T22:18:42.051968
206,ข้าวโพดหวาน – เบอร์กลาง,2024-05-24,16.0,18.0,กก.,2026-03-31T22:18:42.051971
206,ข้าวโพดหวาน – เบอร์กลาง,2024-05-25,16.0,18.0,กก.,2026-03-31T22:18:42.051975
206,ข้าวโพดหวาน – เบอร์กลาง,2024-05-26,16.0,18.0,กก.,2026-03-31T22:18:42.051979
206,ข้าวโพดหวาน – เบอร์กลาง,2024-05-27,16.0,18.0,กก.,2026-03-31T22:18:42.051983
206,ข้าวโพดหวาน – เบอร์กลาง,2024-05-28,16.0,18.0,กก.,2026-03-31T22:18:42.051987
206,ข้าวโพดหวาน – เบอร์กลาง,2024-05-29,16.0,18.0,กก.,2026-03-31T22:18:42.051991
206,ข้าวโพดหวาน – เบอร์กลาง,2024-05-30,16.0,18.0,กก.,2026-03-31T22:18:42.051995
206,ข้าวโพดหวาน – เบอร์กลาง,2024-05-31,16.0,18.0,กก.,2026-03-31T22:18:42.051998
206,ข้าวโพดหวาน – เบอร์กลาง,2024-06-01,16.0,18.0,กก.,2026-03-31T22:18:42.052002
206,ข้าวโพดหวาน – เบอร์กลาง,2024-06-02,16.0,18.0,กก.,2026-03-31T22:18:42.052006
206,ข้าวโพดหวาน – เบอร์กลาง,2024-06-03,13.0,15.0,กก.,2026-03-31T22:18:42.052010
206,ข้าวโพดหวาน – เบอร์กลาง,2024-06-04,16.0,18.0,กก.,2026-03-31T22:18:42.052013
206,ข้าวโพดหวาน – เบอร์กลาง,2024-06-05,16.0,18.0,กก.,2026-03-31T22:18:42.052017
206,ข้าวโพดหวาน – เบอร์กลาง,2024-06-06,13.0,15.0,กก.,2026-03-31T22:18:42.052021
206,ข้าวโพดหวาน – เบอร์กลาง,2024-06-07,13.0,15.0,กก.,2026-03-31T22:18:42.052025
206,ข้าวโพดหวาน – เบอร์กลาง,2024-06-08,13.0,15.0,กก.,2026-03-31T22:18:42.052028
206,ข้าวโพดหวาน – เบอร์กลาง,2024-06-09,13.0,15.0,กก.,2026-03-31T22:18:42.052032
206,ข้าวโพดหวาน – เบอร์กลาง,2024-06-10,13.0,15.0,กก.,2026-03-31T22:18:42.052036
206,ข้าวโพดหวาน – เบอร์กลาง,2024-06-11,13.0,15.0,กก.,2026-03-31T22:18:42.052040
206,ข้าวโพดหวาน – เบอร์กลาง,2024-06-12,13.0,15.0,กก.,2026-03-31T22:18:42.052044
206,ข้าวโพดหวาน – เบอร์กลาง,2024-06-13,13.0,15.0,กก.,2026-03-31T22:18:42.052047
206,ข้าวโพดหวาน – เบอร์กลาง,2024-06-14,14.0,16.0,กก.,2026-03-31T22:18:42.052051
206,ข้าวโพดหวาน – เบอร์กลาง,2024-06-15,14.0,16.0,กก.,2026-03-31T22:18:42.052055
206,ข้าวโพดหวาน – เบอร์กลาง,2024-06-16,14.0,16.0,กก.,2026-03-31T22:18:42.052058
206,ข้าวโพดหวาน – เบอร์กลาง,2024-06-17,14.0,16.0,กก.,2026-03-31T22:18:42.052063
206,ข้าวโพดหวาน – เบอร์กลาง,2024-06-18,14.0,16.0,กก.,2026-03-31T22:18:42.052066
206,ข้าวโพดหวาน – เบอร์กลาง,2024-06-19,14.0,16.0,กก.,2026-03-31T22:18:42.052070
206,ข้าวโพดหวาน – เบอร์กลาง,2024-06-20,14.0,16.0,กก.,2026-03-31T22:18:42.052074
206,ข้าวโพดหวาน – เบอร์กลาง,2024-06-21,14.0,16.0,กก.,2026-03-31T22:18:42.052078
206,ข้าวโพดหวาน – เบอร์กลาง,2024-06-22,14.0,16.0,กก.,2026-03-31T22:18:42.052081
206,ข้าวโพดหวาน – เบอร์กลาง,2024-06-23,14.0,16.0,กก.,2026-03-31T22:18:42.052093
206,ข้าวโพดหวาน – เบอร์กลาง,2024-06-24,14.0,16.0,กก.,2026-03-31T22:18:42.052097
206,ข้าวโพดหวาน – เบอร์กลาง,2024-06-25,14.0,16.0,กก.,2026-03-31T22:18:42.052101
206,ข้าวโพดหวาน – เบอร์กลาง,2024-06-26,14.0,16.0,กก.,2026-03-31T22:18:42.052104
206,ข้าวโพดหวาน – เบอร์กลาง,2024-06-27,14.0,16.0,กก.,2026-03-31T22:18:42.052108
206,ข้าวโพดหวาน – เบอร์กลาง,2024-06-28,14.0,16.0,กก.,2026-03-31T22:18:42.052112
206,ข้าวโพดหวาน – เบอร์กลาง,2024-06-29,14.0,16.0,กก.,2026-03-31T22:18:42.052116
206,ข้าวโพดหวาน – เบอร์กลาง,2024-06-30,14.0,16.0,กก.,2026-03-31T22:18:42.052119
206,ข้าวโพดหวาน – เบอร์กลาง,2024-07-01,14.0,16.0,กก.,2026-03-31T22:18:42.052123
206,ข้าวโพดหวาน – เบอร์กลาง,2024-07-02,14.0,16.0,กก.,2026-03-31T22:18:42.052127
206,ข้าวโพดหวาน – เบอร์กลาง,2024-07-03,13.0,15.0,กก.,2026-03-31T22:18:42.052130
206,ข้าวโพดหวาน – เบอร์กลาง,2024-07-04,10.0,13.0,กก.,2026-03-31T22:18:42.052134
206,ข้าวโพดหวาน – เบอร์กลาง,2024-07-05,13.0,15.0,กก.,2026-03-31T22:18:42.052138
206,ข้าวโพดหวาน – เบอร์กลาง,2024-07-06,13.0,15.0,กก.,2026-03-31T22:18:42.052141
206,ข้าวโพดหวาน – เบอร์กลาง,2024-07-07,13.0,15.0,กก.,2026-03-31T22:18:42.052145
206,ข้าวโพดหวาน – เบอร์กลาง,2024-07-08,13.0,15.0,กก.,2026-03-31T22:18:42.052149
206,ข้าวโพดหวาน – เบอร์กลาง,2024-07-09,13.0,15.0,กก.,2026-03-31T22:18:42.052152
206,ข้าวโพดหวาน – เบอร์กลาง,2024-07-10,13.0,15.0,กก.,2026-03-31T22:18:42.052156
206,ข้าวโพดหวาน – เบอร์กลาง,2024-07-11,13.0,15.0,กก.,2026-03-31T22:18:42.052160
206,ข้าวโพดหวาน – เบอร์กลาง,2024-07-12,13.0,15.0,กก.,2026-03-31T22:18:42.052184
206,ข้าวโพดหวาน – เบอร์กลาง,2024-07-13,13.0,15.0,กก.,2026-03-31T22:18:42.052190
206,ข้าวโพดหวาน – เบอร์กลาง,2024-07-14,13.0,15.0,กก.,2026-03-31T22:18:42.052193
206,ข้าวโพดหวาน – เบอร์กลาง,2024-07-15,13.0,15.0,กก.,2026-03-31T22:18:42.052197
206,ข้าวโพดหวาน – เบอร์กลาง,2024-07-16,13.0,15.0,กก.,2026-03-31T22:18:42.052201
206,ข้าวโพดหวาน – เบอร์กลาง,2024-07-17,13.0,15.0,กก.,2026-03-31T22:18:42.052205
206,ข้าวโพดหวาน – เบอร์กลาง,2024-07-18,13.0,16.0,กก.,2026-03-31T22:18:42.052208
206,ข้าวโพดหวาน – เบอร์กลาง,2024-07-19,11.0,13.0,กก.,2026-03-31T22:18:42.052212
206,ข้าวโพดหวาน – เบอร์กลาง,2024-07-20,11.0,13.0,กก.,2026-03-31T22:18:42.052216
206,ข้าวโพดหวาน – เบอร์กลาง,2024-07-21,11.0,13.0,กก.,2026-03-31T22:18:42.052219
206,ข้าวโพดหวาน – เบอร์กลาง,2024-07-22,11.0,13.0,กก.,2026-03-31T22:18:42.052223
206,ข้าวโพดหวาน – เบอร์กลาง,2024-07-23,10.0,13.0,กก.,2026-03-31T22:18:42.052227
206,ข้าวโพดหวาน – เบอร์กลาง,2024-07-24,10.0,13.0,กก.,2026-03-31T22:18:42.052230
206,ข้าวโพดหวาน – เบอร์กลาง,2024-07-25,10.0,13.0,กก.,2026-03-31T22:18:42.052234
206,ข้าวโพดหวาน – เบอร์กลาง,2024-07-26,10.0,13.0,กก.,2026-03-31T22:18:42.052238
206,ข้าวโพดหวาน – เบอร์กลาง,2024-07-27,10.0,13.0,กก.,2026-03-31T22:18:42.052242
206,ข้าวโพดหวาน – เบอร์กลาง,2024-07-28,10.0,13.0,กก.,2026-03-31T22:18:42.052245
206,ข้าวโพดหวาน – เบอร์กลาง,2024-07-29,10.0,13.0,กก.,2026-03-31T22:18:42.052249
206,ข้าวโพดหวาน – เบอร์กลาง,2024-07-30,10.0,13.0,กก.,2026-03-31T22:18:42.052253
206,ข้าวโพดหวาน – เบอร์กลาง,2024-07-31,10.0,13.0,กก.,2026-03-31T22:18:42.052256
206,ข้าวโพดหวาน – เบอร์กลาง,2024-08-01,10.0,13.0,กก.,2026-03-31T22:18:42.052260
206,ข้าวโพดหวาน – เบอร์กลาง,2024-08-02,10.0,13.0,กก.,2026-03-31T22:18:42.052264
206,ข้าวโพดหวาน – เบอร์กลาง,2024-08-03,10.0,13.0,กก.,2026-03-31T22:18:42.052267
206,ข้าวโพดหวาน – เบอร์กลาง,2024-08-04,10.0,14.0,กก.,2026-03-31T22:18:42.052271
206,ข้าวโพดหวาน – เบอร์กลาง,2024-08-05,10.0,14.0,กก.,2026-03-31T22:18:42.052275
206,ข้าวโพดหวาน – เบอร์กลาง,2024-08-06,10.0,14.0,กก.,2026-03-31T22:18:42.052279
206,ข้าวโพดหวาน – เบอร์กลาง,2024-08-07,10.0,14.0,กก.,2026-03-31T22:18:42.052282
206,ข้าวโพดหวาน – เบอร์กลาง,2024-08-08,10.0,14.0,กก.,2026-03-31T22:18:42.052286
206,ข้าวโพดหวาน – เบอร์กลาง,2024-08-09,10.0,14.0,กก.,2026-03-31T22:18:42.052290
206,ข้าวโพดหวาน – เบอร์กลาง,2024-08-10,10.0,14.0,กก.,2026-03-31T22:18:42.052294
206,ข้าวโพดหวาน – เบอร์กลาง,2024-08-11,10.0,14.0,กก.,2026-03-31T22:18:42.052297
206,ข้าวโพดหวาน – เบอร์กลาง,2024-08-12,10.0,14.0,กก.,2026-03-31T22:18:42.052301
206,ข้าวโพดหวาน – เบอร์กลาง,2024-08-13,10.0,14.0,กก.,2026-03-31T22:18:42.052304
206,ข้าวโพดหวาน – เบอร์กลาง,2024-08-14,10.0,14.0,กก.,2026-03-31T22:18:42.052308
206,ข้าวโพดหวาน – เบอร์กลาง,2024-08-15,10.0,14.0,กก.,2026-03-31T22:18:42.052312
206,ข้าวโพดหวาน – เบอร์กลาง,2024-08-16,10.0,14.0,กก.,2026-03-31T22:18:42.052315
206,ข้าวโพดหวาน – เบอร์กลาง,2024-08-17,10.0,14.0,กก.,2026-03-31T22:18:42.052319
206,ข้าวโพดหวาน – เบอร์กลาง,2024-08-18,10.0,14.0,กก.,2026-03-31T22:18:42.052323
206,ข้าวโพดหวาน – เบอร์กลาง,2024-08-19,10.0,14.0,กก.,2026-03-31T22:18:42.052326
206,ข้าวโพดหวาน – เบอร์กลาง,2024-08-20,10.0,14.0,กก.,2026-03-31T22:18:42.052330
206,ข้าวโพดหวาน – เบอร์กลาง,2024-08-21,10.0,14.0,กก.,2026-03-31T22:18:42.052334
206,ข้าวโพดหวาน – เบอร์กลาง,2024-08-22,10.0,14.0,กก.,2026-03-31T22:18:42.052337
206,ข้าวโพดหวาน – เบอร์กลาง,2024-08-23,10.0,14.0,กก.,2026-03-31T22:18:42.052341
206,ข้าวโพดหวาน – เบอร์กลาง,2024-08-24,10.0,14.0,กก.,2026-03-31T22:18:42.052345
206,ข้าวโพดหวาน – เบอร์กลาง,2024-08-25,10.0,14.0,กก.,2026-03-31T22:18:42.052348
206,ข้าวโพดหวาน – เบอร์กลาง,2024-08-26,10.0,14.0,กก.,2026-03-31T22:18:42.052352
206,ข้าวโพดหวาน – เบอร์กลาง,2024-08-27,10.0,14.0,กก.,2026-03-31T22:18:42.052356
206,ข้าวโพดหวาน – เบอร์กลาง,2024-08-28,10.0,14.0,กก.,2026-03-31T22:18:42.052359
206,ข้าวโพดหวาน – เบอร์กลาง,2024-08-29,10.0,14.0,กก.,2026-03-31T22:18:42.052363
206,ข้าวโพดหวาน – เบอร์กลาง,2024-08-30,10.0,14.0,กก.,2026-03-31T22:18:42.052367
206,ข้าวโพดหวาน – เบอร์กลาง,2024-08-31,10.0,14.0,กก.,2026-03-31T22:18:42.052370
206,ข้าวโพดหวาน – เบอร์กลาง,2024-09-01,10.0,14.0,กก.,2026-03-31T22:18:42.052375
206,ข้าวโพดหวาน – เบอร์กลาง,2024-09-02,10.0,14.0,กก.,2026-03-31T22:18:42.052378
206,ข้าวโพดหวาน – เบอร์กลาง,2024-09-03,10.0,14.0,กก.,2026-03-31T22:18:42.052382
206,ข้าวโพดหวาน – เบอร์กลาง,2024-09-04,8.0,12.0,กก.,2026-03-31T22:18:42.052386
206,ข้าวโพดหวาน – เบอร์กลาง,2024-09-05,10.0,14.0,กก.,2026-03-31T22:18:42.052390
206,ข้าวโพดหวาน – เบอร์กลาง,2024-09-06,10.0,14.0,กก.,2026-03-31T22:18:42.052394
206,ข้าวโพดหวาน – เบอร์กลาง,2024-09-07,10.0,14.0,กก.,2026-03-31T22:18:42.052398
206,ข้าวโพดหวาน – เบอร์กลาง,2024-09-08,10.0,14.0,กก.,2026-03-31T22:18:42.052401
206,ข้าวโพดหวาน – เบอร์กลาง,2024-09-09,10.0,12.0,กก.,2026-03-31T22:18:42.052405
206,ข้าวโพดหวาน – เบอร์กลาง,2024-09-10,10.0,12.0,กก.,2026-03-31T22:18:42.052409
206,ข้าวโพดหวาน – เบอร์กลาง,2024-09-11,10.0,12.0,กก.,2026-03-31T22:18:42.052413
206,ข้าวโพดหวาน – เบอร์กลาง,2024-09-12,10.0,12.0,กก.,2026-03-31T22:18:42.052417
206,ข้าวโพดหวาน – เบอร์กลาง,2024-09-13,10.0,12.0,กก.,2026-03-31T22:18:42.052421
206,ข้าวโพดหวาน – เบอร์กลาง,2024-09-14,10.0,12.0,กก.,2026-03-31T22:18:42.052440
206,ข้าวโพดหวาน – เบอร์กลาง,2024-09-15,10.0,12.0,กก.,2026-03-31T22:18:42.052444
206,ข้าวโพดหวาน – เบอร์กลาง,2024-09-16,10.0,13.0,กก.,2026-03-31T22:18:42.052448
206,ข้าวโพดหวาน – เบอร์กลาง,2024-09-17,10.0,13.0,กก.,2026-03-31T22:18:42.052452
206,ข้าวโพดหวาน – เบอร์กลาง,2024-09-18,10.0,13.0,กก.,2026-03-31T22:18:42.052456
206,ข้าวโพดหวาน – เบอร์กลาง,2024-09-19,10.0,13.0,กก.,2026-03-31T22:18:42.052460
206,ข้าวโพดหวาน – เบอร์กลาง,2024-09-20,10.0,13.0,กก.,2026-03-31T22:18:42.052463
206,ข้าวโพดหวาน – เบอร์กลาง,2024-09-21,10.0,13.0,กก.,2026-03-31T22:18:42.052467
206,ข้าวโพดหวาน – เบอร์กลาง,2024-09-22,10.0,13.0,กก.,2026-03-31T22:18:42.052471
206,ข้าวโพดหวาน – เบอร์กลาง,2024-09-23,10.0,13.0,กก.,2026-03-31T22:18:42.052475
206,ข้าวโพดหวาน – เบอร์กลาง,2024-09-24,10.0,13.0,กก.,2026-03-31T22:18:42.052478
206,ข้าวโพดหวาน – เบอร์กลาง,2024-09-25,8.0,12.0,กก.,2026-03-31T22:18:42.052483
206,ข้าวโพดหวาน – เบอร์กลาง,2024-09-26,8.0,12.0,กก.,2026-03-31T22:18:42.052486
206,ข้าวโพดหวาน – เบอร์กลาง,2024-09-27,8.0,12.0,กก.,2026-03-31T22:18:42.052490
206,ข้าวโพดหวาน – เบอร์กลาง,2024-09-28,8.0,12.0,กก.,2026-03-31T22:18:42.052494
206,ข้าวโพดหวาน – เบอร์กลาง,2024-09-29,8.0,12.0,กก.,2026-03-31T22:18:42.052498
206,ข้าวโพดหวาน – เบอร์กลาง,2024-09-30,8.0,12.0,กก.,2026-03-31T22:18:42.052502
206,ข้าวโพดหวาน – เบอร์กลาง,2024-10-01,8.0,12.0,กก.,2026-03-31T22:18:42.052506
206,ข้าวโพดหวาน – เบอร์กลาง,2024-10-02,8.0,12.0,กก.,2026-03-31T22:18:42.052509
206,ข้าวโพดหวาน – เบอร์กลาง,2024-10-03,8.0,12.0,กก.,2026-03-31T22:18:42.052513
206,ข้าวโพดหวาน – เบอร์กลาง,2024-10-04,8.0,12.0,กก.,2026-03-31T22:18:42.052517
206,ข้าวโพดหวาน – เบอร์กลาง,2024-10-05,10.0,13.0,กก.,2026-03-31T22:18:42.052521
206,ข้าวโพดหวาน – เบอร์กลาง,2024-10-06,8.0,12.0,กก.,2026-03-31T22:18:42.052524
206,ข้าวโพดหวาน – เบอร์กลาง,2024-10-07,8.0,12.0,กก.,2026-03-31T22:18:42.052528
206,ข้าวโพดหวาน – เบอร์กลาง,2024-10-08,8.0,12.0,กก.,2026-03-31T22:18:42.052532
206,ข้าวโพดหวาน – เบอร์กลาง,2024-10-09,8.0,12.0,กก.,2026-03-31T22:18:42.052536
206,ข้าวโพดหวาน – เบอร์กลาง,2024-10-10,8.0,12.0,กก.,2026-03-31T22:18:42.052540
206,ข้าวโพดหวาน – เบอร์กลาง,2024-10-11,8.0,12.0,กก.,2026-03-31T22:18:42.052543
206,ข้าวโพดหวาน – เบอร์กลาง,2024-10-12,8.0,12.0,กก.,2026-03-31T22:18:42.052547
206,ข้าวโพดหวาน – เบอร์กลาง,2024-10-13,8.0,12.0,กก.,2026-03-31T22:18:42.052550
206,ข้าวโพดหวาน – เบอร์กลาง,2024-10-14,8.0,12.0,กก.,2026-03-31T22:18:42.052554
206,ข้าวโพดหวาน – เบอร์กลาง,2024-10-15,8.0,12.0,กก.,2026-03-31T22:18:42.052558
206,ข้าวโพดหวาน – เบอร์กลาง,2024-10-16,8.0,12.0,กก.,2026-03-31T22:18:42.052561
206,ข้าวโพดหวาน – เบอร์กลาง,2024-10-17,8.0,12.0,กก.,2026-03-31T22:18:42.052565
206,ข้าวโพดหวาน – เบอร์กลาง,2024-10-18,8.0,12.0,กก.,2026-03-31T22:18:42.052569
206,ข้าวโพดหวาน – เบอร์กลาง,2024-10-19,8.0,12.0,กก.,2026-03-31T22:18:42.052573
206,ข้าวโพดหวาน – เบอร์กลาง,2024-10-20,8.0,12.0,กก.,2026-03-31T22:18:42.052576
206,ข้าวโพดหวาน – เบอร์กลาง,2024-10-21,8.0,12.0,กก.,2026-03-31T22:18:42.052580
206,ข้าวโพดหวาน – เบอร์กลาง,2024-10-22,8.0,12.0,กก.,2026-03-31T22:18:42.052584
206,ข้าวโพดหวาน – เบอร์กลาง,2024-10-23,8.0,12.0,กก.,2026-03-31T22:18:42.052587
206,ข้าวโพดหวาน – เบอร์กลาง,2024-10-24,8.0,12.0,กก.,2026-03-31T22:18:42.052591
206,ข้าวโพดหวาน – เบอร์กลาง,2024-10-25,8.0,12.0,กก.,2026-03-31T22:18:42.052595
206,ข้าวโพดหวาน – เบอร์กลาง,2024-10-26,8.0,12.0,กก.,2026-03-31T22:18:42.052599
206,ข้าวโพดหวาน – เบอร์กลาง,2024-10-27,8.0,12.0,กก.,2026-03-31T22:18:42.052602
206,ข้าวโพดหวาน – เบอร์กลาง,2024-10-28,8.0,12.0,กก.,2026-03-31T22:18:42.052606
206,ข้าวโพดหวาน – เบอร์กลาง,2024-10-29,8.0,12.0,กก.,2026-03-31T22:18:42.052610
206,ข้าวโพดหวาน – เบอร์กลาง,2024-10-30,8.0,12.0,กก.,2026-03-31T22:18:42.052613
206,ข้าวโพดหวาน – เบอร์กลาง,2024-10-31,10.0,13.0,กก.,2026-03-31T22:18:42.052617
206,ข้าวโพดหวาน – เบอร์กลาง,2024-11-01,10.0,13.0,กก.,2026-03-31T22:18:42.052621
206,ข้าวโพดหวาน – เบอร์กลาง,2024-11-02,10.0,13.0,กก.,2026-03-31T22:18:42.052624
206,ข้าวโพดหวาน – เบอร์กลาง,2024-11-03,10.0,13.0,กก.,2026-03-31T22:18:42.052628
206,ข้าวโพดหวาน – เบอร์กลาง,2024-11-04,10.0,13.0,กก.,2026-03-31T22:18:42.052632
206,ข้าวโพดหวาน – เบอร์กลาง,2024-11-05,10.0,13.0,กก.,2026-03-31T22:18:42.052636
206,ข้าวโพดหวาน – เบอร์กลาง,2024-11-06,10.0,13.0,กก.,2026-03-31T22:18:42.052639
206,ข้าวโพดหวาน – เบอร์กลาง,2024-11-07,10.0,13.0,กก.,2026-03-31T22:18:42.052643
206,ข้าวโพดหวาน – เบอร์กลาง,2024-11-08,10.0,13.0,กก.,2026-03-31T22:18:42.052647
206,ข้าวโพดหวาน – เบอร์กลาง,2024-11-09,10.0,13.0,กก.,2026-03-31T22:18:42.052650
206,ข้าวโพดหวาน – เบอร์กลาง,2024-11-10,10.0,13.0,กก.,2026-03-31T22:18:42.052654
206,ข้าวโพดหวาน – เบอร์กลาง,2024-11-11,10.0,13.0,กก.,2026-03-31T22:18:42.052657
206,ข้าวโพดหวาน – เบอร์กลาง,2024-11-12,10.0,13.0,กก.,2026-03-31T22:18:42.052661
206,ข้าวโพดหวาน – เบอร์กลาง,2024-11-13,10.0,13.0,กก.,2026-03-31T22:18:42.052665
206,ข้าวโพดหวาน – เบอร์กลาง,2024-11-14,10.0,13.0,กก.,2026-03-31T22:18:42.052668
206,ข้าวโพดหวาน – เบอร์กลาง,2024-11-15,10.0,13.0,กก.,2026-03-31T22:18:42.052672
206,ข้าวโพดหวาน – เบอร์กลาง,2024-11-16,10.0,13.0,กก.,2026-03-31T22:18:42.052676
206,ข้าวโพดหวาน – เบอร์กลาง,2024-11-17,10.0,13.0,กก.,2026-03-31T22:18:42.052696
206,ข้าวโพดหวาน – เบอร์กลาง,2024-11-18,10.0,13.0,กก.,2026-03-31T22:18:42.052701
206,ข้าวโพดหวาน – เบอร์กลาง,2024-11-19,10.0,13.0,กก.,2026-03-31T22:18:42.052704
206,ข้าวโพดหวาน – เบอร์กลาง,2024-11-20,10.0,13.0,กก.,2026-03-31T22:18:42.052708
206,ข้าวโพดหวาน – เบอร์กลาง,2024-11-21,10.0,13.0,กก.,2026-03-31T22:18:42.052712
206,ข้าวโพดหวาน – เบอร์กลาง,2024-11-22,10.0,13.0,กก.,2026-03-31T22:18:42.052716
206,ข้าวโพดหวาน – เบอร์กลาง,2024-11-23,10.0,13.0,กก.,2026-03-31T22:18:42.052720
206,ข้าวโพดหวาน – เบอร์กลาง,2024-11-24,10.0,13.0,กก.,2026-03-31T22:18:42.052723
206,ข้าวโพดหวาน – เบอร์กลาง,2024-11-25,10.0,13.0,กก.,2026-03-31T22:18:42.052727
206,ข้าวโพดหวาน – เบอร์กลาง,2024-11-26,10.0,13.0,กก.,2026-03-31T22:18:42.052731
206,ข้าวโพดหวาน – เบอร์กลาง,2024-11-27,10.0,13.0,กก.,2026-03-31T22:18:42.052734
206,ข้าวโพดหวาน – เบอร์กลาง,2024-11-28,10.0,13.0,กก.,2026-03-31T22:18:42.052738
206,ข้าวโพดหวาน – เบอร์กลาง,2024-11-29,10.0,13.0,กก.,2026-03-31T22:18:42.052742
206,ข้าวโพดหวาน – เบอร์กลาง,2024-11-30,10.0,13.0,กก.,2026-03-31T22:18:42.052745
206,ข้าวโพดหวาน – เบอร์กลาง,2024-12-01,10.0,13.0,กก.,2026-03-31T22:18:42.052749
206,ข้าวโพดหวาน – เบอร์กลาง,2024-12-02,10.0,13.0,กก.,2026-03-31T22:18:42.052753
206,ข้าวโพดหวาน – เบอร์กลาง,2024-12-03,10.0,13.0,กก.,2026-03-31T22:18:42.052756
206,ข้าวโพดหวาน – เบอร์กลาง,2024-12-04,10.0,13.0,กก.,2026-03-31T22:18:42.052760
206,ข้าวโพดหวาน – เบอร์กลาง,2024-12-05,10.0,13.0,กก.,2026-03-31T22:18:42.052764
206,ข้าวโพดหวาน – เบอร์กลาง,2024-12-06,10.0,13.0,กก.,2026-03-31T22:18:42.052767
206,ข้าวโพดหวาน – เบอร์กลาง,2024-12-07,10.0,13.0,กก.,2026-03-31T22:18:42.052771
206,ข้าวโพดหวาน – เบอร์กลาง,2024-12-08,10.0,13.0,กก.,2026-03-31T22:18:42.052775
206,ข้าวโพดหวาน – เบอร์กลาง,2024-12-09,10.0,13.0,กก.,2026-03-31T22:18:42.052778
206,ข้าวโพดหวาน – เบอร์กลาง,2024-12-10,10.0,13.0,กก.,2026-03-31T22:18:42.052782
206,ข้าวโพดหวาน – เบอร์กลาง,2024-12-11,10.0,13.0,กก.,2026-03-31T22:18:42.052786
206,ข้าวโพดหวาน – เบอร์กลาง,2024-12-12,10.0,13.0,กก.,2026-03-31T22:18:42.052790
206,ข้าวโพดหวาน – เบอร์กลาง,2024-12-13,10.0,13.0,กก.,2026-03-31T22:18:42.052793
206,ข้าวโพดหวาน – เบอร์กลาง,2024-12-14,10.0,13.0,กก.,2026-03-31T22:18:42.052797
206,ข้าวโพดหวาน – เบอร์กลาง,2024-12-15,10.0,13.0,กก.,2026-03-31T22:18:42.052801
206,ข้าวโพดหวาน – เบอร์กลาง,2024-12-16,10.0,13.0,กก.,2026-03-31T22:18:42.052804
206,ข้าวโพดหวาน – เบอร์กลาง,2024-12-17,10.0,13.0,กก.,2026-03-31T22:18:42.052808
206,ข้าวโพดหวาน – เบอร์กลาง,2024-12-18,10.0,13.0,กก.,2026-03-31T22:18:42.052812
206,ข้าวโพดหวาน – เบอร์กลาง,2024-12-19,10.0,13.0,กก.,2026-03-31T22:18:42.052815
206,ข้าวโพดหวาน – เบอร์กลาง,2024-12-20,10.0,13.0,กก.,2026-03-31T22:18:42.052819
206,ข้าวโพดหวาน – เบอร์กลาง,2024-12-21,10.0,13.0,กก.,2026-03-31T22:18:42.052823
206,ข้าวโพดหวาน – เบอร์กลาง,2024-12-22,10.0,13.0,กก.,2026-03-31T22:18:42.052826
206,ข้าวโพดหวาน – เบอร์กลาง,2024-12-23,10.0,13.0,กก.,2026-03-31T22:18:42.052830
206,ข้าวโพดหวาน – เบอร์กลาง,2024-12-24,10.0,13.0,กก.,2026-03-31T22:18:42.052834
206,ข้าวโพดหวาน – เบอร์กลาง,2024-12-25,10.0,13.0,กก.,2026-03-31T22:18:42.052838
206,ข้าวโพดหวาน – เบอร์กลาง,2024-12-26,10.0,13.0,กก.,2026-03-31T22:18:42.052842
206,ข้าวโพดหวาน – เบอร์กลาง,2024-12-27,10.0,13.0,กก.,2026-03-31T22:18:42.052845
206,ข้าวโพดหวาน – เบอร์กลาง,2024-12-28,10.0,13.0,กก.,2026-03-31T22:18:42.052849
206,ข้าวโพดหวาน – เบอร์กลาง,2024-12-29,10.0,13.0,กก.,2026-03-31T22:18:42.052852
206,ข้าวโพดหวาน – เบอร์กลาง,2024-12-30,10.0,13.0,กก.,2026-03-31T22:18:42.052856
206,ข้าวโพดหวาน – เบอร์กลาง,2024-12-31,10.0,13.0,กก.,2026-03-31T22:18:42.052860
206,ข้าวโพดหวาน – เบอร์กลาง,2025-01-01,10.0,13.0,กก.,2026-03-31T22:18:42.052864
206,ข้าวโพดหวาน – เบอร์กลาง,2025-01-02,10.0,13.0,กก.,2026-03-31T22:18:42.052867
206,ข้าวโพดหวาน – เบอร์กลาง,2025-01-03,10.0,13.0,กก.,2026-03-31T22:18:42.052871
206,ข้าวโพดหวาน – เบอร์กลาง,2025-01-04,10.0,13.0,กก.,2026-03-31T22:18:42.052875
206,ข้าวโพดหวาน – เบอร์กลาง,2025-01-05,10.0,13.0,กก.,2026-03-31T22:18:42.052878
206,ข้าวโพดหวาน – เบอร์กลาง,2025-01-06,11.0,13.0,กก.,2026-03-31T22:18:42.052882
206,ข้าวโพดหวาน – เบอร์กลาง,2025-01-07,10.0,13.0,กก.,2026-03-31T22:18:42.052886
206,ข้าวโพดหวาน – เบอร์กลาง,2025-01-08,10.0,13.0,กก.,2026-03-31T22:18:42.052889
206,ข้าวโพดหวาน – เบอร์กลาง,2025-01-09,10.0,13.0,กก.,2026-03-31T22:18:42.052893
206,ข้าวโพดหวาน – เบอร์กลาง,2025-01-10,10.0,13.0,กก.,2026-03-31T22:18:42.052897
206,ข้าวโพดหวาน – เบอร์กลาง,2025-01-11,10.0,13.0,กก.,2026-03-31T22:18:42.052900
206,ข้าวโพดหวาน – เบอร์กลาง,2025-01-12,10.0,13.0,กก.,2026-03-31T22:18:42.052904
206,ข้าวโพดหวาน – เบอร์กลาง,2025-01-13,10.0,13.0,กก.,2026-03-31T22:18:42.052907
206,ข้าวโพดหวาน – เบอร์กลาง,2025-01-14,10.0,13.0,กก.,2026-03-31T22:18:42.052911
206,ข้าวโพดหวาน – เบอร์กลาง,2025-01-15,10.0,13.0,กก.,2026-03-31T22:18:42.052915
206,ข้าวโพดหวาน – เบอร์กลาง,2025-01-16,10.0,13.0,กก.,2026-03-31T22:18:42.052918
206,ข้าวโพดหวาน – เบอร์กลาง,2025-01-17,10.0,13.0,กก.,2026-03-31T22:18:42.052922
206,ข้าวโพดหวาน – เบอร์กลาง,2025-01-18,10.0,13.0,กก.,2026-03-31T22:18:42.052926
206,ข้าวโพดหวาน – เบอร์กลาง,2025-01-19,10.0,13.0,กก.,2026-03-31T22:18:42.052929
206,ข้าวโพดหวาน – เบอร์กลาง,2025-01-20,10.0,13.0,กก.,2026-03-31T22:18:42.052952
206,ข้าวโพดหวาน – เบอร์กลาง,2025-01-21,10.0,13.0,กก.,2026-03-31T22:18:42.052957
206,ข้าวโพดหวาน – เบอร์กลาง,2025-01-22,10.0,13.0,กก.,2026-03-31T22:18:42.052961
206,ข้าวโพดหวาน – เบอร์กลาง,2025-01-23,10.0,13.0,กก.,2026-03-31T22:18:42.052965
206,ข้าวโพดหวาน – เบอร์กลาง,2025-01-24,10.0,13.0,กก.,2026-03-31T22:18:42.052968
206,ข้าวโพดหวาน – เบอร์กลาง,2025-01-25,10.0,13.0,กก.,2026-03-31T22:18:42.052972
206,ข้าวโพดหวาน – เบอร์กลาง,2025-01-26,10.0,13.0,กก.,2026-03-31T22:18:42.052976
206,ข้าวโพดหวาน – เบอร์กลาง,2025-01-27,10.0,13.0,กก.,2026-03-31T22:18:42.052980
206,ข้าวโพดหวาน – เบอร์กลาง,2025-01-28,11.0,13.0,กก.,2026-03-31T22:18:42.052984
206,ข้าวโพดหวาน – เบอร์กลาง,2025-01-29,11.0,13.0,กก.,2026-03-31T22:18:42.052988
206,ข้าวโพดหวาน – เบอร์กลาง,2025-01-30,11.0,13.0,กก.,2026-03-31T22:18:42.052991
206,ข้าวโพดหวาน – เบอร์กลาง,2025-01-31,11.0,13.0,กก.,2026-03-31T22:18:42.052995
206,ข้าวโพดหวาน – เบอร์กลาง,2025-02-01,11.0,13.0,กก.,2026-03-31T22:18:42.052999
206,ข้าวโพดหวาน – เบอร์กลาง,2025-02-02,11.0,13.0,กก.,2026-03-31T22:18:42.053002
206,ข้าวโพดหวาน – เบอร์กลาง,2025-02-03,11.0,13.0,กก.,2026-03-31T22:18:42.053006
206,ข้าวโพดหวาน – เบอร์กลาง,2025-02-04,11.0,13.0,กก.,2026-03-31T22:18:42.053010
206,ข้าวโพดหวาน – เบอร์กลาง,2025-02-05,11.0,13.0,กก.,2026-03-31T22:18:42.053013
206,ข้าวโพดหวาน – เบอร์กลาง,2025-02-06,10.0,13.0,กก.,2026-03-31T22:18:42.053017
206,ข้าวโพดหวาน – เบอร์กลาง,2025-02-07,11.0,13.0,กก.,2026-03-31T22:18:42.053021
206,ข้าวโพดหวาน – เบอร์กลาง,2025-02-08,11.0,13.0,กก.,2026-03-31T22:18:42.053025
206,ข้าวโพดหวาน – เบอร์กลาง,2025-02-09,11.0,13.0,กก.,2026-03-31T22:18:42.053028
206,ข้าวโพดหวาน – เบอร์กลาง,2025-02-10,11.0,13.0,กก.,2026-03-31T22:18:42.053032
206,ข้าวโพดหวาน – เบอร์กลาง,2025-02-11,11.0,13.0,กก.,2026-03-31T22:18:42.053036
206,ข้าวโพดหวาน – เบอร์กลาง,2025-02-12,11.0,13.0,กก.,2026-03-31T22:18:42.053039
206,ข้าวโพดหวาน – เบอร์กลาง,2025-02-13,11.0,13.0,กก.,2026-03-31T22:18:42.053043
206,ข้าวโพดหวาน – เบอร์กลาง,2025-02-14,11.0,13.0,กก.,2026-03-31T22:18:42.053047
206,ข้าวโพดหวาน – เบอร์กลาง,2025-02-15,11.0,13.0,กก.,2026-03-31T22:18:42.053051
206,ข้าวโพดหวาน – เบอร์กลาง,2025-02-16,11.0,13.0,กก.,2026-03-31T22:18:42.053054
206,ข้าวโพดหวาน – เบอร์กลาง,2025-02-17,11.0,13.0,กก.,2026-03-31T22:18:42.053058
206,ข้าวโพดหวาน – เบอร์กลาง,2025-02-18,11.0,13.0,กก.,2026-03-31T22:18:42.053062
206,ข้าวโพดหวาน – เบอร์กลาง,2025-02-19,11.0,13.0,กก.,2026-03-31T22:18:42.053065
206,ข้าวโพดหวาน – เบอร์กลาง,2025-02-20,11.0,13.0,กก.,2026-03-31T22:18:42.053069
206,ข้าวโพดหวาน – เบอร์กลาง,2025-02-21,11.0,13.0,กก.,2026-03-31T22:18:42.053073
206,ข้าวโพดหวาน – เบอร์กลาง,2025-02-22,11.0,13.0,กก.,2026-03-31T22:18:42.053077
206,ข้าวโพดหวาน – เบอร์กลาง,2025-02-23,11.0,13.0,กก.,2026-03-31T22:18:42.053080
206,ข้าวโพดหวาน – เบอร์กลาง,2025-02-24,11.0,13.0,กก.,2026-03-31T22:18:42.053084
206,ข้าวโพดหวาน – เบอร์กลาง,2025-02-25,11.0,13.0,กก.,2026-03-31T22:18:42.053088
206,ข้าวโพดหวาน – เบอร์กลาง,2025-02-26,10.0,13.0,กก.,2026-03-31T22:18:42.053091
206,ข้าวโพดหวาน – เบอร์กลาง,2025-02-27,10.0,13.0,กก.,2026-03-31T22:18:42.053095
206,ข้าวโพดหวาน – เบอร์กลาง,2025-02-28,10.0,13.0,กก.,2026-03-31T22:18:42.053099
206,ข้าวโพดหวาน – เบอร์กลาง,2025-03-01,10.0,13.0,กก.,2026-03-31T22:18:42.053102
206,ข้าวโพดหวาน – เบอร์กลาง,2025-03-02,10.0,13.0,กก.,2026-03-31T22:18:42.053106
206,ข้าวโพดหวาน – เบอร์กลาง,2025-03-03,10.0,13.0,กก.,2026-03-31T22:18:42.053110
206,ข้าวโพดหวาน – เบอร์กลาง,2025-03-04,10.0,13.0,กก.,2026-03-31T22:18:42.053113
206,ข้าวโพดหวาน – เบอร์กลาง,2025-03-05,10.0,13.0,กก.,2026-03-31T22:18:42.053117
206,ข้าวโพดหวาน – เบอร์กลาง,2025-03-06,10.0,13.0,กก.,2026-03-31T22:18:42.053121
206,ข้าวโพดหวาน – เบอร์กลาง,2025-03-07,10.0,13.0,กก.,2026-03-31T22:18:42.053124
206,ข้าวโพดหวาน – เบอร์กลาง,2025-03-08,10.0,13.0,กก.,2026-03-31T22:18:42.053128
206,ข้าวโพดหวาน – เบอร์กลาง,2025-03-09,10.0,13.0,กก.,2026-03-31T22:18:42.053132
206,ข้าวโพดหวาน – เบอร์กลาง,2025-03-10,10.0,13.0,กก.,2026-03-31T22:18:42.053135
206,ข้าวโพดหวาน – เบอร์กลาง,2025-03-11,10.0,13.0,กก.,2026-03-31T22:18:42.053139
206,ข้าวโพดหวาน – เบอร์กลาง,2025-03-12,10.0,13.0,กก.,2026-03-31T22:18:42.053143
206,ข้าวโพดหวาน – เบอร์กลาง,2025-03-13,11.0,14.0,กก.,2026-03-31T22:18:42.053147
206,ข้าวโพดหวาน – เบอร์กลาง,2025-03-14,11.0,14.0,กก.,2026-03-31T22:18:42.053150
206,ข้าวโพดหวาน – เบอร์กลาง,2025-03-15,11.0,14.0,กก.,2026-03-31T22:18:42.053154
206,ข้าวโพดหวาน – เบอร์กลาง,2025-03-16,11.0,14.0,กก.,2026-03-31T22:18:42.053158
206,ข้าวโพดหวาน – เบอร์กลาง,2025-03-17,11.0,14.0,กก.,2026-03-31T22:18:42.053161
206,ข้าวโพดหวาน – เบอร์กลาง,2025-03-18,11.0,14.0,กก.,2026-03-31T22:18:42.053165
206,ข้าวโพดหวาน – เบอร์กลาง,2025-03-19,11.0,14.0,กก.,2026-03-31T22:18:42.053169
206,ข้าวโพดหวาน – เบอร์กลาง,2025-03-20,11.0,14.0,กก.,2026-03-31T22:18:42.053173
206,ข้าวโพดหวาน – เบอร์กลาง,2025-03-21,11.0,14.0,กก.,2026-03-31T22:18:42.053176
206,ข้าวโพดหวาน – เบอร์กลาง,2025-03-22,11.0,14.0,กก.,2026-03-31T22:18:42.053180
206,ข้าวโพดหวาน – เบอร์กลาง,2025-03-23,11.0,14.0,กก.,2026-03-31T22:18:42.053184
206,ข้าวโพดหวาน – เบอร์กลาง,2025-03-24,11.0,14.0,กก.,2026-03-31T22:18:42.053187
206,ข้าวโพดหวาน – เบอร์กลาง,2025-03-25,11.0,14.0,กก.,2026-03-31T22:18:42.053207
206,ข้าวโพดหวาน – เบอร์กลาง,2025-03-26,11.0,14.0,กก.,2026-03-31T22:18:42.053212
206,ข้าวโพดหวาน – เบอร์กลาง,2025-03-27,11.0,14.0,กก.,2026-03-31T22:18:42.053216
206,ข้าวโพดหวาน – เบอร์กลาง,2025-03-28,11.0,14.0,กก.,2026-03-31T22:18:42.053220
206,ข้าวโพดหวาน – เบอร์กลาง,2025-03-29,11.0,14.0,กก.,2026-03-31T22:18:42.053223
206,ข้าวโพดหวาน – เบอร์กลาง,2025-03-30,11.0,14.0,กก.,2026-03-31T22:18:42.053227
206,ข้าวโพดหวาน – เบอร์กลาง,2025-03-31,10.0,13.0,กก.,2026-03-31T22:18:42.053231
206,ข้าวโพดหวาน – เบอร์กลาง,2025-04-01,10.0,13.0,กก.,2026-03-31T22:18:42.053234
206,ข้าวโพดหวาน – เบอร์กลาง,2025-04-02,10.0,13.0,กก.,2026-03-31T22:18:42.053238
206,ข้าวโพดหวาน – เบอร์กลาง,2025-04-03,10.0,13.0,กก.,2026-03-31T22:18:42.053242
206,ข้าวโพดหวาน – เบอร์กลาง,2025-04-04,10.0,13.0,กก.,2026-03-31T22:18:42.053246
206,ข้าวโพดหวาน – เบอร์กลาง,2025-04-05,10.0,13.0,กก.,2026-03-31T22:18:42.053250
206,ข้าวโพดหวาน – เบอร์กลาง,2025-04-06,10.0,13.0,กก.,2026-03-31T22:18:42.053253
206,ข้าวโพดหวาน – เบอร์กลาง,2025-04-07,10.0,13.0,กก.,2026-03-31T22:18:42.053257
206,ข้าวโพดหวาน – เบอร์กลาง,2025-04-08,10.0,13.0,กก.,2026-03-31T22:18:42.053261
206,ข้าวโพดหวาน – เบอร์กลาง,2025-04-09,10.0,13.0,กก.,2026-03-31T22:18:42.053264
206,ข้าวโพดหวาน – เบอร์กลาง,2025-04-10,10.0,13.0,กก.,2026-03-31T22:18:42.053268
206,ข้าวโพดหวาน – เบอร์กลาง,2025-04-11,10.0,13.0,กก.,2026-03-31T22:18:42.053272
206,ข้าวโพดหวาน – เบอร์กลาง,2025-04-12,10.0,13.0,กก.,2026-03-31T22:18:42.053275
206,ข้าวโพดหวาน – เบอร์กลาง,2025-04-13,10.0,13.0,กก.,2026-03-31T22:18:42.053279
206,ข้าวโพดหวาน – เบอร์กลาง,2025-04-14,10.0,13.0,กก.,2026-03-31T22:18:42.053283
206,ข้าวโพดหวาน – เบอร์กลาง,2025-04-15,10.0,13.0,กก.,2026-03-31T22:18:42.053286
206,ข้าวโพดหวาน – เบอร์กลาง,2025-04-16,10.0,13.0,กก.,2026-03-31T22:18:42.053290
206,ข้าวโพดหวาน – เบอร์กลาง,2025-04-17,10.0,13.0,กก.,2026-03-31T22:18:42.053294
206,ข้าวโพดหวาน – เบอร์กลาง,2025-04-18,10.0,13.0,กก.,2026-03-31T22:18:42.053298
206,ข้าวโพดหวาน – เบอร์กลาง,2025-04-19,10.0,13.0,กก.,2026-03-31T22:18:42.053301
206,ข้าวโพดหวาน – เบอร์กลาง,2025-04-20,10.0,13.0,กก.,2026-03-31T22:18:42.053305
206,ข้าวโพดหวาน – เบอร์กลาง,2025-04-21,10.0,13.0,กก.,2026-03-31T22:18:42.053309
206,ข้าวโพดหวาน – เบอร์กลาง,2025-04-22,10.0,13.0,กก.,2026-03-31T22:18:42.053312
206,ข้าวโพดหวาน – เบอร์กลาง,2025-04-23,10.0,13.0,กก.,2026-03-31T22:18:42.053316
206,ข้าวโพดหวาน – เบอร์กลาง,2025-04-24,10.0,13.0,กก.,2026-03-31T22:18:42.053320
206,ข้าวโพดหวาน – เบอร์กลาง,2025-04-25,10.0,13.0,กก.,2026-03-31T22:18:42.053323
206,ข้าวโพดหวาน – เบอร์กลาง,2025-04-26,10.0,13.0,กก.,2026-03-31T22:18:42.053328
206,ข้าวโพดหวาน – เบอร์กลาง,2025-04-27,10.0,13.0,กก.,2026-03-31T22:18:42.053331
206,ข้าวโพดหวาน – เบอร์กลาง,2025-04-28,10.0,13.0,กก.,2026-03-31T22:18:42.053335
206,ข้าวโพดหวาน – เบอร์กลาง,2025-04-29,10.0,13.0,กก.,2026-03-31T22:18:42.053339
206,ข้าวโพดหวาน – เบอร์กลาง,2025-04-30,10.0,13.0,กก.,2026-03-31T22:18:42.053342
206,ข้าวโพดหวาน – เบอร์กลาง,2025-05-01,10.0,13.0,กก.,2026-03-31T22:18:42.053346
206,ข้าวโพดหวาน – เบอร์กลาง,2025-05-02,10.0,13.0,กก.,2026-03-31T22:18:42.053350
206,ข้าวโพดหวาน – เบอร์กลาง,2025-05-03,10.0,13.0,กก.,2026-03-31T22:18:42.053353
206,ข้าวโพดหวาน – เบอร์กลาง,2025-05-04,10.0,13.0,กก.,2026-03-31T22:18:42.053358
206,ข้าวโพดหวาน – เบอร์กลาง,2025-05-05,10.0,13.0,กก.,2026-03-31T22:18:42.053361
206,ข้าวโพดหวาน – เบอร์กลาง,2025-05-06,10.0,13.0,กก.,2026-03-31T22:18:42.053365
206,ข้าวโพดหวาน – เบอร์กลาง,2025-05-07,10.0,13.0,กก.,2026-03-31T22:18:42.053369
206,ข้าวโพดหวาน – เบอร์กลาง,2025-05-08,10.0,13.0,กก.,2026-03-31T22:18:42.053372
206,ข้าวโพดหวาน – เบอร์กลาง,2025-05-09,10.0,13.0,กก.,2026-03-31T22:18:42.053376
206,ข้าวโพดหวาน – เบอร์กลาง,2025-05-10,10.0,13.0,กก.,2026-03-31T22:18:42.053380
206,ข้าวโพดหวาน – เบอร์กลาง,2025-05-11,10.0,13.0,กก.,2026-03-31T22:18:42.053384
206,ข้าวโพดหวาน – เบอร์กลาง,2025-05-12,10.0,13.0,กก.,2026-03-31T22:18:42.053387
206,ข้าวโพดหวาน – เบอร์กลาง,2025-05-13,10.0,13.0,กก.,2026-03-31T22:18:42.053391
206,ข้าวโพดหวาน – เบอร์กลาง,2025-05-14,10.0,13.0,กก.,2026-03-31T22:18:42.053395
206,ข้าวโพดหวาน – เบอร์กลาง,2025-05-15,10.0,13.0,กก.,2026-03-31T22:18:42.053398
206,ข้าวโพดหวาน – เบอร์กลาง,2025-05-16,10.0,13.0,กก.,2026-03-31T22:18:42.053402
206,ข้าวโพดหวาน – เบอร์กลาง,2025-05-17,10.0,13.0,กก.,2026-03-31T22:18:42.053406
206,ข้าวโพดหวาน – เบอร์กลาง,2025-05-18,10.0,13.0,กก.,2026-03-31T22:18:42.053409
206,ข้าวโพดหวาน – เบอร์กลาง,2025-05-19,10.0,13.0,กก.,2026-03-31T22:18:42.053413
206,ข้าวโพดหวาน – เบอร์กลาง,2025-05-20,10.0,13.0,กก.,2026-03-31T22:18:42.053417
206,ข้าวโพดหวาน – เบอร์กลาง,2025-05-21,10.0,13.0,กก.,2026-03-31T22:18:42.053420
206,ข้าวโพดหวาน – เบอร์กลาง,2025-05-22,10.0,13.0,กก.,2026-03-31T22:18:42.053424
206,ข้าวโพดหวาน – เบอร์กลาง,2025-05-23,10.0,13.0,กก.,2026-03-31T22:18:42.053428
206,ข้าวโพดหวาน – เบอร์กลาง,2025-05-24,10.0,13.0,กก.,2026-03-31T22:18:42.053431
206,ข้าวโพดหวาน – เบอร์กลาง,2025-05-25,10.0,13.0,กก.,2026-03-31T22:18:42.053435
206,ข้าวโพดหวาน – เบอร์กลาง,2025-05-26,10.0,13.0,กก.,2026-03-31T22:18:42.053439
206,ข้าวโพดหวาน – เบอร์กลาง,2025-05-27,10.0,13.0,กก.,2026-03-31T22:18:42.053443
206,ข้าวโพดหวาน – เบอร์กลาง,2025-05-28,10.0,13.0,กก.,2026-03-31T22:18:42.053459
206,ข้าวโพดหวาน – เบอร์กลาง,2025-05-29,10.0,13.0,กก.,2026-03-31T22:18:42.053464
206,ข้าวโพดหวาน – เบอร์กลาง,2025-05-30,10.0,13.0,กก.,2026-03-31T22:18:42.053467
206,ข้าวโพดหวาน – เบอร์กลาง,2025-05-31,10.0,13.0,กก.,2026-03-31T22:18:42.053471
206,ข้าวโพดหวาน – เบอร์กลาง,2025-06-01,10.0,13.0,กก.,2026-03-31T22:18:42.053475
206,ข้าวโพดหวาน – เบอร์กลาง,2025-06-02,10.0,13.0,กก.,2026-03-31T22:18:42.053479
206,ข้าวโพดหวาน – เบอร์กลาง,2025-06-03,10.0,13.0,กก.,2026-03-31T22:18:42.053482
206,ข้าวโพดหวาน – เบอร์กลาง,2025-06-04,10.0,13.0,กก.,2026-03-31T22:18:42.053486
206,ข้าวโพดหวาน – เบอร์กลาง,2025-06-05,10.0,13.0,กก.,2026-03-31T22:18:42.053490
206,ข้าวโพดหวาน – เบอร์กลาง,2025-06-06,10.0,13.0,กก.,2026-03-31T22:18:42.053494
206,ข้าวโพดหวาน – เบอร์กลาง,2025-06-07,10.0,13.0,กก.,2026-03-31T22:18:42.053497
206,ข้าวโพดหวาน – เบอร์กลาง,2025-06-08,10.0,13.0,กก.,2026-03-31T22:18:42.053501
206,ข้าวโพดหวาน – เบอร์กลาง,2025-06-09,10.0,13.0,กก.,2026-03-31T22:18:42.053505
206,ข้าวโพดหวาน – เบอร์กลาง,2025-06-10,10.0,12.0,กก.,2026-03-31T22:18:42.053509
206,ข้าวโพดหวาน – เบอร์กลาง,2025-06-11,10.0,13.0,กก.,2026-03-31T22:18:42.053512
206,ข้าวโพดหวาน – เบอร์กลาง,2025-06-12,10.0,13.0,กก.,2026-03-31T22:18:42.053516
206,ข้าวโพดหวาน – เบอร์กลาง,2025-06-13,10.0,13.0,กก.,2026-03-31T22:18:42.053520
206,ข้าวโพดหวาน – เบอร์กลาง,2025-06-14,10.0,13.0,กก.,2026-03-31T22:18:42.053523
206,ข้าวโพดหวาน – เบอร์กลาง,2025-06-15,10.0,13.0,กก.,2026-03-31T22:18:42.053527
206,ข้าวโพดหวาน – เบอร์กลาง,2025-06-16,10.0,13.0,กก.,2026-03-31T22:18:42.053531
206,ข้าวโพดหวาน – เบอร์กลาง,2025-06-17,10.0,13.0,กก.,2026-03-31T22:18:42.053535
206,ข้าวโพดหวาน – เบอร์กลาง,2025-06-18,10.0,13.0,กก.,2026-03-31T22:18:42.053538
206,ข้าวโพดหวาน – เบอร์กลาง,2025-06-19,10.0,13.0,กก.,2026-03-31T22:18:42.053542
206,ข้าวโพดหวาน – เบอร์กลาง,2025-06-20,10.0,13.0,กก.,2026-03-31T22:18:42.053546
206,ข้าวโพดหวาน – เบอร์กลาง,2025-06-21,10.0,13.0,กก.,2026-03-31T22:18:42.053550
206,ข้าวโพดหวาน – เบอร์กลาง,2025-06-22,10.0,13.0,กก.,2026-03-31T22:18:42.053553
206,ข้าวโพดหวาน – เบอร์กลาง,2025-06-23,10.0,13.0,กก.,2026-03-31T22:18:42.053557
206,ข้าวโพดหวาน – เบอร์กลาง,2025-06-24,12.0,13.0,กก.,2026-03-31T22:18:42.053561
206,ข้าวโพดหวาน – เบอร์กลาง,2025-06-25,12.0,13.0,กก.,2026-03-31T22:18:42.053564
206,ข้าวโพดหวาน – เบอร์กลาง,2025-06-26,10.0,12.0,กก.,2026-03-31T22:18:42.053568
206,ข้าวโพดหวาน – เบอร์กลาง,2025-06-27,10.0,12.0,กก.,2026-03-31T22:18:42.053572
206,ข้าวโพดหวาน – เบอร์กลาง,2025-06-28,10.0,12.0,กก.,2026-03-31T22:18:42.053576
206,ข้าวโพดหวาน – เบอร์กลาง,2025-06-29,10.0,12.0,กก.,2026-03-31T22:18:42.053579
206,ข้าวโพดหวาน – เบอร์กลาง,2025-06-30,10.0,12.0,กก.,2026-03-31T22:18:42.053582
206,ข้าวโพดหวาน – เบอร์กลาง,2025-07-01,10.0,12.0,กก.,2026-03-31T22:18:42.053586
206,ข้าวโพดหวาน – เบอร์กลาง,2025-07-02,10.0,12.0,กก.,2026-03-31T22:18:42.053589
206,ข้าวโพดหวาน – เบอร์กลาง,2025-07-03,10.0,12.0,กก.,2026-03-31T22:18:42.053592
206,ข้าวโพดหวาน – เบอร์กลาง,2025-07-04,10.0,12.0,กก.,2026-03-31T22:18:42.053595
206,ข้าวโพดหวาน – เบอร์กลาง,2025-07-05,10.0,12.0,กก.,2026-03-31T22:18:42.053599
206,ข้าวโพดหวาน – เบอร์กลาง,2025-07-06,10.0,12.0,กก.,2026-03-31T22:18:42.053602
206,ข้าวโพดหวาน – เบอร์กลาง,2025-07-07,10.0,12.0,กก.,2026-03-31T22:18:42.053605
206,ข้าวโพดหวาน – เบอร์กลาง,2025-07-08,10.0,12.0,กก.,2026-03-31T22:18:42.053608
206,ข้าวโพดหวาน – เบอร์กลาง,2025-07-09,10.0,12.0,กก.,2026-03-31T22:18:42.053612
206,ข้าวโพดหวาน – เบอร์กลาง,2025-07-10,10.0,12.0,กก.,2026-03-31T22:18:42.053615
206,ข้าวโพดหวาน – เบอร์กลาง,2025-07-11,10.0,20.0,กก.,2026-03-31T22:18:42.053618
206,ข้าวโพดหวาน – เบอร์กลาง,2025-07-12,10.0,12.0,กก.,2026-03-31T22:18:42.053622
206,ข้าวโพดหวาน – เบอร์กลาง,2025-07-13,10.0,12.0,กก.,2026-03-31T22:18:42.053625
206,ข้าวโพดหวาน – เบอร์กลาง,2025-07-14,10.0,12.0,กก.,2026-03-31T22:18:42.053628
206,ข้าวโพดหวาน – เบอร์กลาง,2025-07-15,10.0,12.0,กก.,2026-03-31T22:18:42.053631
206,ข้าวโพดหวาน – เบอร์กลาง,2025-07-16,10.0,12.0,กก.,2026-03-31T22:18:42.053635
206,ข้าวโพดหวาน – เบอร์กลาง,2025-07-17,10.0,12.0,กก.,2026-03-31T22:18:42.053638
206,ข้าวโพดหวาน – เบอร์กลาง,2025-07-18,10.0,12.0,กก.,2026-03-31T22:18:42.053641
206,ข้าวโพดหวาน – เบอร์กลาง,2025-07-19,7.0,8.0,กก.,2026-03-31T22:18:42.053645
206,ข้าวโพดหวาน – เบอร์กลาง,2025-07-20,7.0,8.0,กก.,2026-03-31T22:18:42.053648
206,ข้าวโพดหวาน – เบอร์กลาง,2025-07-21,7.0,8.0,กก.,2026-03-31T22:18:42.053652
206,ข้าวโพดหวาน – เบอร์กลาง,2025-07-22,7.0,8.0,กก.,2026-03-31T22:18:42.053655
206,ข้าวโพดหวาน – เบอร์กลาง,2025-07-23,7.0,8.0,กก.,2026-03-31T22:18:42.053658
206,ข้าวโพดหวาน – เบอร์กลาง,2025-07-24,7.0,8.0,กก.,2026-03-31T22:18:42.053662
206,ข้าวโพดหวาน – เบอร์กลาง,2025-07-25,8.0,12.0,กก.,2026-03-31T22:18:42.053665
206,ข้าวโพดหวาน – เบอร์กลาง,2025-07-26,8.0,12.0,กก.,2026-03-31T22:18:42.053669
206,ข้าวโพดหวาน – เบอร์กลาง,2025-07-27,8.0,12.0,กก.,2026-03-31T22:18:42.053672
206,ข้าวโพดหวาน – เบอร์กลาง,2025-07-28,8.0,12.0,กก.,2026-03-31T22:18:42.053675
206,ข้าวโพดหวาน – เบอร์กลาง,2025-07-29,8.0,12.0,กก.,2026-03-31T22:18:42.053678
206,ข้าวโพดหวาน – เบอร์กลาง,2025-07-30,10.0,12.0,กก.,2026-03-31T22:18:42.053682
206,ข้าวโพดหวาน – เบอร์กลาง,2025-07-31,10.0,12.0,กก.,2026-03-31T22:18:42.053699
206,ข้าวโพดหวาน – เบอร์กลาง,2025-08-01,10.0,12.0,กก.,2026-03-31T22:18:42.053703
206,ข้าวโพดหวาน – เบอร์กลาง,2025-08-02,10.0,12.0,กก.,2026-03-31T22:18:42.053707
206,ข้าวโพดหวาน – เบอร์กลาง,2025-08-03,10.0,12.0,กก.,2026-03-31T22:18:42.053710
206,ข้าวโพดหวาน – เบอร์กลาง,2025-08-04,10.0,20.0,กก.,2026-03-31T22:18:42.053713
206,ข้าวโพดหวาน – เบอร์กลาง,2025-08-05,10.0,20.0,กก.,2026-03-31T22:18:42.053717
206,ข้าวโพดหวาน – เบอร์กลาง,2025-08-06,10.0,20.0,กก.,2026-03-31T22:18:42.053720
206,ข้าวโพดหวาน – เบอร์กลาง,2025-08-07,10.0,20.0,กก.,2026-03-31T22:18:42.053723
206,ข้าวโพดหวาน – เบอร์กลาง,2025-08-08,10.0,20.0,กก.,2026-03-31T22:18:42.053726
206,ข้าวโพดหวาน – เบอร์กลาง,2025-08-09,10.0,20.0,กก.,2026-03-31T22:18:42.053730
206,ข้าวโพดหวาน – เบอร์กลาง,2025-08-10,10.0,20.0,กก.,2026-03-31T22:18:42.053733
206,ข้าวโพดหวาน – เบอร์กลาง,2025-08-11,12.0,15.0,กก.,2026-03-31T22:18:42.053736
206,ข้าวโพดหวาน – เบอร์กลาง,2025-08-12,10.0,20.0,กก.,2026-03-31T22:18:42.053739
206,ข้าวโพดหวาน – เบอร์กลาง,2025-08-13,10.0,18.0,กก.,2026-03-31T22:18:42.053743
206,ข้าวโพดหวาน – เบอร์กลาง,2025-08-14,10.0,18.0,กก.,2026-03-31T22:18:42.053746
206,ข้าวโพดหวาน – เบอร์กลาง,2025-08-15,10.0,18.0,กก.,2026-03-31T22:18:42.053749
206,ข้าวโพดหวาน – เบอร์กลาง,2025-08-16,10.0,18.0,กก.,2026-03-31T22:18:42.053752
206,ข้าวโพดหวาน – เบอร์กลาง,2025-08-17,10.0,18.0,กก.,2026-03-31T22:18:42.053756
206,ข้าวโพดหวาน – เบอร์กลาง,2025-08-18,10.0,18.0,กก.,2026-03-31T22:18:42.053759
206,ข้าวโพดหวาน – เบอร์กลาง,2025-08-19,10.0,18.0,กก.,2026-03-31T22:18:42.053762
206,ข้าวโพดหวาน – เบอร์กลาง,2025-08-20,10.0,18.0,กก.,2026-03-31T22:18:42.053766
206,ข้าวโพดหวาน – เบอร์กลาง,2025-08-21,10.0,18.0,กก.,2026-03-31T22:18:42.053769
206,ข้าวโพดหวาน – เบอร์กลาง,2025-08-22,10.0,18.0,กก.,2026-03-31T22:18:42.053772
206,ข้าวโพดหวาน – เบอร์กลาง,2025-08-23,10.0,18.0,กก.,2026-03-31T22:18:42.053775
206,ข้าวโพดหวาน – เบอร์กลาง,2025-08-24,10.0,18.0,กก.,2026-03-31T22:18:42.053779
206,ข้าวโพดหวาน – เบอร์กลาง,2025-08-25,7.0,8.0,กก.,2026-03-31T22:18:42.053782
206,ข้าวโพดหวาน – เบอร์กลาง,2025-08-26,7.0,8.0,กก.,2026-03-31T22:18:42.053785
206,ข้าวโพดหวาน – เบอร์กลาง,2025-08-27,7.0,8.0,กก.,2026-03-31T22:18:42.053789
206,ข้าวโพดหวาน – เบอร์กลาง,2025-08-28,7.0,8.0,กก.,2026-03-31T22:18:42.053792
206,ข้าวโพดหวาน – เบอร์กลาง,2025-08-29,7.0,8.0,กก.,2026-03-31T22:18:42.053795
206,ข้าวโพดหวาน – เบอร์กลาง,2025-08-30,7.0,8.0,กก.,2026-03-31T22:18:42.053798
206,ข้าวโพดหวาน – เบอร์กลาง,2025-08-31,7.0,8.0,กก.,2026-03-31T22:18:42.053802
206,ข้าวโพดหวาน – เบอร์กลาง,2025-09-01,7.0,8.0,กก.,2026-03-31T22:18:42.053805
206,ข้าวโพดหวาน – เบอร์กลาง,2025-09-02,7.0,8.0,กก.,2026-03-31T22:18:42.053808
206,ข้าวโพดหวาน – เบอร์กลาง,2025-09-03,7.0,8.0,กก.,2026-03-31T22:18:42.053811
206,ข้าวโพดหวาน – เบอร์กลาง,2025-09-04,7.0,8.0,กก.,2026-03-31T22:18:42.053814
206,ข้าวโพดหวาน – เบอร์กลาง,2025-09-05,7.0,8.0,กก.,2026-03-31T22:18:42.053818
206,ข้าวโพดหวาน – เบอร์กลาง,2025-09-06,7.0,8.0,กก.,2026-03-31T22:18:42.053821
206,ข้าวโพดหวาน – เบอร์กลาง,2025-09-07,7.0,8.0,กก.,2026-03-31T22:18:42.053824
206,ข้าวโพดหวาน – เบอร์กลาง,2025-09-08,7.0,8.0,กก.,2026-03-31T22:18:42.053827
206,ข้าวโพดหวาน – เบอร์กลาง,2025-09-09,12.0,15.0,กก.,2026-03-31T22:18:42.053831
206,ข้าวโพดหวาน – เบอร์กลาง,2025-09-10,12.0,15.0,กก.,2026-03-31T22:18:42.053834
206,ข้าวโพดหวาน – เบอร์กลาง,2025-09-11,12.0,15.0,กก.,2026-03-31T22:18:42.053837
206,ข้าวโพดหวาน – เบอร์กลาง,2025-09-12,12.0,15.0,กก.,2026-03-31T22:18:42.053841
206,ข้าวโพดหวาน – เบอร์กลาง,2025-09-13,12.0,15.0,กก.,2026-03-31T22:18:42.053844
206,ข้าวโพดหวาน – เบอร์กลาง,2025-09-14,12.0,15.0,กก.,2026-03-31T22:18:42.053847
206,ข้าวโพดหวาน – เบอร์กลาง,2025-09-15,12.0,15.0,กก.,2026-03-31T22:18:42.053851
206,ข้าวโพดหวาน – เบอร์กลาง,2025-09-16,12.0,15.0,กก.,2026-03-31T22:18:42.053854
206,ข้าวโพดหวาน – เบอร์กลาง,2025-09-17,12.0,15.0,กก.,2026-03-31T22:18:42.053857
206,ข้าวโพดหวาน – เบอร์กลาง,2025-09-18,12.0,15.0,กก.,2026-03-31T22:18:42.053860
206,ข้าวโพดหวาน – เบอร์กลาง,2025-09-19,12.0,15.0,กก.,2026-03-31T22:18:42.053864
206,ข้าวโพดหวาน – เบอร์กลาง,2025-09-20,12.0,15.0,กก.,2026-03-31T22:18:42.053867
206,ข้าวโพดหวาน – เบอร์กลาง,2025-09-21,12.0,15.0,กก.,2026-03-31T22:18:42.053870
206,ข้าวโพดหวาน – เบอร์กลาง,2025-09-22,12.0,15.0,กก.,2026-03-31T22:18:42.053873
206,ข้าวโพดหวาน – เบอร์กลาง,2025-09-23,12.0,15.0,กก.,2026-03-31T22:18:42.053877
206,ข้าวโพดหวาน – เบอร์กลาง,2025-09-24,12.0,15.0,กก.,2026-03-31T22:18:42.053880
206,ข้าวโพดหวาน – เบอร์กลาง,2025-09-25,12.0,15.0,กก.,2026-03-31T22:18:42.053883
206,ข้าวโพดหวาน – เบอร์กลาง,2025-09-26,12.0,15.0,กก.,2026-03-31T22:18:42.053887
206,ข้าวโพดหวาน – เบอร์กลาง,2025-09-27,12.0,15.0,กก.,2026-03-31T22:18:42.053890
206,ข้าวโพดหวาน – เบอร์กลาง,2025-09-28,12.0,15.0,กก.,2026-03-31T22:18:42.053893
206,ข้าวโพดหวาน – เบอร์กลาง,2025-09-29,12.0,15.0,กก.,2026-03-31T22:18:42.053896
206,ข้าวโพดหวาน – เบอร์กลาง,2025-09-30,12.0,15.0,กก.,2026-03-31T22:18:42.053900
206,ข้าวโพดหวาน – เบอร์กลาง,2025-10-01,12.0,15.0,กก.,2026-03-31T22:18:42.053903
206,ข้าวโพดหวาน – เบอร์กลาง,2025-10-02,12.0,15.0,กก.,2026-03-31T22:18:42.053906
206,ข้าวโพดหวาน – เบอร์กลาง,2025-10-03,12.0,15.0,กก.,2026-03-31T22:18:42.053921
206,ข้าวโพดหวาน – เบอร์กลาง,2025-10-04,12.0,15.0,กก.,2026-03-31T22:18:42.053926
206,ข้าวโพดหวาน – เบอร์กลาง,2025-10-05,12.0,15.0,กก.,2026-03-31T22:18:42.053929
206,ข้าวโพดหวาน – เบอร์กลาง,2025-10-06,12.0,15.0,กก.,2026-03-31T22:18:42.053933
206,ข้าวโพดหวาน – เบอร์กลาง,2025-10-07,12.0,15.0,กก.,2026-03-31T22:18:42.053936
206,ข้าวโพดหวาน – เบอร์กลาง,2025-10-08,12.0,15.0,กก.,2026-03-31T22:18:42.053939
206,ข้าวโพดหวาน – เบอร์กลาง,2025-10-09,12.0,15.0,กก.,2026-03-31T22:18:42.053943
206,ข้าวโพดหวาน – เบอร์กลาง,2025-10-10,12.0,15.0,กก.,2026-03-31T22:18:42.053946
206,ข้าวโพดหวาน – เบอร์กลาง,2025-10-11,12.0,15.0,กก.,2026-03-31T22:18:42.053949
206,ข้าวโพดหวาน – เบอร์กลาง,2025-10-12,7.0,8.0,กก.,2026-03-31T22:18:42.053953
206,ข้าวโพดหวาน – เบอร์กลาง,2025-10-13,12.0,15.0,กก.,2026-03-31T22:18:42.053956
206,ข้าวโพดหวาน – เบอร์กลาง,2025-10-14,12.0,15.0,กก.,2026-03-31T22:18:42.053959
206,ข้าวโพดหวาน – เบอร์กลาง,2025-10-15,12.0,15.0,กก.,2026-03-31T22:18:42.053962
206,ข้าวโพดหวาน – เบอร์กลาง,2025-10-16,12.0,15.0,กก.,2026-03-31T22:18:42.053966
206,ข้าวโพดหวาน – เบอร์กลาง,2025-10-17,12.0,15.0,กก.,2026-03-31T22:18:42.053969
206,ข้าวโพดหวาน – เบอร์กลาง,2025-10-18,12.0,15.0,กก.,2026-03-31T22:18:42.053972
206,ข้าวโพดหวาน – เบอร์กลาง,2025-10-19,12.0,15.0,กก.,2026-03-31T22:18:42.053976
206,ข้าวโพดหวาน – เบอร์กลาง,2025-10-20,12.0,15.0,กก.,2026-03-31T22:18:42.053979
206,ข้าวโพดหวาน – เบอร์กลาง,2025-10-21,12.0,15.0,กก.,2026-03-31T22:18:42.053982
206,ข้าวโพดหวาน – เบอร์กลาง,2025-10-22,12.0,15.0,กก.,2026-03-31T22:18:42.053985
206,ข้าวโพดหวาน – เบอร์กลาง,2025-10-23,12.0,15.0,กก.,2026-03-31T22:18:42.053989
206,ข้าวโพดหวาน – เบอร์กลาง,2025-10-24,12.0,15.0,กก.,2026-03-31T22:18:42.053992
206,ข้าวโพดหวาน – เบอร์กลาง,2025-10-25,12.0,15.0,กก.,2026-03-31T22:18:42.053995
206,ข้าวโพดหวาน – เบอร์กลาง,2025-10-26,12.0,15.0,กก.,2026-03-31T22:18:42.053999
206,ข้าวโพดหวาน – เบอร์กลาง,2025-10-27,12.0,15.0,กก.,2026-03-31T22:18:42.054002
206,ข้าวโพดหวาน – เบอร์กลาง,2025-10-28,12.0,15.0,กก.,2026-03-31T22:18:42.054005
206,ข้าวโพดหวาน – เบอร์กลาง,2025-10-29,12.0,15.0,กก.,2026-03-31T22:18:42.054009
206,ข้าวโพดหวาน – เบอร์กลาง,2025-10-30,12.0,15.0,กก.,2026-03-31T22:18:42.054012
206,ข้าวโพดหวาน – เบอร์กลาง,2025-10-31,12.0,15.0,กก.,2026-03-31T22:18:42.054015
206,ข้าวโพดหวาน – เบอร์กลาง,2025-11-01,12.0,15.0,กก.,2026-03-31T22:18:42.054018
206,ข้าวโพดหวาน – เบอร์กลาง,2025-11-02,12.0,15.0,กก.,2026-03-31T22:18:42.054022
206,ข้าวโพดหวาน – เบอร์กลาง,2025-11-03,12.0,15.0,กก.,2026-03-31T22:18:42.054025
206,ข้าวโพดหวาน – เบอร์กลาง,2025-11-04,12.0,15.0,กก.,2026-03-31T22:18:42.054028
206,ข้าวโพดหวาน – เบอร์กลาง,2025-11-05,8.0,10.0,กก.,2026-03-31T22:18:42.054032
206,ข้าวโพดหวาน – เบอร์กลาง,2025-11-06,7.0,8.0,กก.,2026-03-31T22:18:42.054035
206,ข้าวโพดหวาน – เบอร์กลาง,2025-11-07,7.0,8.0,กก.,2026-03-31T22:18:42.054038
206,ข้าวโพดหวาน – เบอร์กลาง,2025-11-08,7.0,8.0,กก.,2026-03-31T22:18:42.054041
206,ข้าวโพดหวาน – เบอร์กลาง,2025-11-09,7.0,8.0,กก.,2026-03-31T22:18:42.054045
206,ข้าวโพดหวาน – เบอร์กลาง,2025-11-10,7.0,8.0,กก.,2026-03-31T22:18:42.054048
206,ข้าวโพดหวาน – เบอร์กลาง,2025-11-11,7.0,8.0,กก.,2026-03-31T22:18:42.054051
206,ข้าวโพดหวาน – เบอร์กลาง,2025-11-12,15.0,18.0,กก.,2026-03-31T22:18:42.054054
206,ข้าวโพดหวาน – เบอร์กลาง,2025-11-13,7.0,8.0,กก.,2026-03-31T22:18:42.054058
206,ข้าวโพดหวาน – เบอร์กลาง,2025-11-14,7.0,8.0,กก.,2026-03-31T22:18:42.054061
206,ข้าวโพดหวาน – เบอร์กลาง,2025-11-15,7.0,8.0,กก.,2026-03-31T22:18:42.054064
206,ข้าวโพดหวาน – เบอร์กลาง,2025-11-16,7.0,8.0,กก.,2026-03-31T22:18:42.054068
206,ข้าวโพดหวาน – เบอร์กลาง,2025-11-17,7.0,8.0,กก.,2026-03-31T22:18:42.054071
206,ข้าวโพดหวาน – เบอร์กลาง,2025-11-18,12.0,20.0,กก.,2026-03-31T22:18:42.054074
206,ข้าวโพดหวาน – เบอร์กลาง,2025-11-19,12.0,15.0,กก.,2026-03-31T22:18:42.054077
206,ข้าวโพดหวาน – เบอร์กลาง,2025-11-20,10.0,12.0,กก.,2026-03-31T22:18:42.054080
206,ข้าวโพดหวาน – เบอร์กลาง,2025-11-21,10.0,12.0,กก.,2026-03-31T22:18:42.054084
206,ข้าวโพดหวาน – เบอร์กลาง,2025-11-22,10.0,12.0,กก.,2026-03-31T22:18:42.054087
206,ข้าวโพดหวาน – เบอร์กลาง,2025-11-23,10.0,12.0,กก.,2026-03-31T22:18:42.054090
206,ข้าวโพดหวาน – เบอร์กลาง,2025-11-24,10.0,12.0,กก.,2026-03-31T22:18:42.054094
206,ข้าวโพดหวาน – เบอร์กลาง,2025-11-25,18.0,20.0,กก.,2026-03-31T22:18:42.054097
206,ข้าวโพดหวาน – เบอร์กลาง,2025-11-26,18.0,21.0,กก.,2026-03-31T22:18:42.054100
206,ข้าวโพดหวาน – เบอร์กลาง,2025-11-27,18.0,21.0,กก.,2026-03-31T22:18:42.054104
206,ข้าวโพดหวาน – เบอร์กลาง,2025-11-28,15.0,18.0,กก.,2026-03-31T22:18:42.054107
206,ข้าวโพดหวาน – เบอร์กลาง,2025-11-29,15.0,18.0,กก.,2026-03-31T22:18:42.054110
206,ข้าวโพดหวาน – เบอร์กลาง,2025-11-30,15.0,20.0,กก.,2026-03-31T22:18:42.054113
206,ข้าวโพดหวาน – เบอร์กลาง,2025-12-01,15.0,16.0,กก.,2026-03-31T22:18:42.054117
206,ข้าวโพดหวาน – เบอร์กลาง,2025-12-02,18.0,20.0,กก.,2026-03-31T22:18:42.054120
206,ข้าวโพดหวาน – เบอร์กลาง,2025-12-03,18.0,20.0,กก.,2026-03-31T22:18:42.054123
206,ข้าวโพดหวาน – เบอร์กลาง,2025-12-04,18.0,20.0,กก.,2026-03-31T22:18:42.054126
206,ข้าวโพดหวาน – เบอร์กลาง,2025-12-05,12.0,18.0,กก.,2026-03-31T22:18:42.054130
206,ข้าวโพดหวาน – เบอร์กลาง,2025-12-06,12.0,18.0,กก.,2026-03-31T22:18:42.054142
206,ข้าวโพดหวาน – เบอร์กลาง,2025-12-07,12.0,18.0,กก.,2026-03-31T22:18:42.054146
206,ข้าวโพดหวาน – เบอร์กลาง,2025-12-08,12.0,18.0,กก.,2026-03-31T22:18:42.054150
206,ข้าวโพดหวาน – เบอร์กลาง,2025-12-09,15.0,18.0,กก.,2026-03-31T22:18:42.054153
206,ข้าวโพดหวาน – เบอร์กลาง,2025-12-10,15.0,18.0,กก.,2026-03-31T22:18:42.054156
206,ข้าวโพดหวาน – เบอร์กลาง,2025-12-11,15.0,18.0,กก.,2026-03-31T22:18:42.054159
206,ข้าวโพดหวาน – เบอร์กลาง,2025-12-12,15.0,18.0,กก.,2026-03-31T22:18:42.054163
206,ข้าวโพดหวาน – เบอร์กลาง,2025-12-13,14.0,15.0,กก.,2026-03-31T22:18:42.054166
206,ข้าวโพดหวาน – เบอร์กลาง,2025-12-14,13.0,15.0,กก.,2026-03-31T22:18:42.054170
206,ข้าวโพดหวาน – เบอร์กลาง,2025-12-15,13.0,15.0,กก.,2026-03-31T22:18:42.054173
206,ข้าวโพดหวาน – เบอร์กลาง,2025-12-16,13.0,15.0,กก.,2026-03-31T22:18:42.054176
206,ข้าวโพดหวาน – เบอร์กลาง,2025-12-17,15.0,16.0,กก.,2026-03-31T22:18:42.054179
206,ข้าวโพดหวาน – เบอร์กลาง,2025-12-18,15.0,16.0,กก.,2026-03-31T22:18:42.054183
206,ข้าวโพดหวาน – เบอร์กลาง,2025-12-19,15.0,16.0,กก.,2026-03-31T22:18:42.054186
206,ข้าวโพดหวาน – เบอร์กลาง,2025-12-20,15.0,16.0,กก.,2026-03-31T22:18:42.054189
206,ข้าวโพดหวาน – เบอร์กลาง,2025-12-21,15.0,16.0,กก.,2026-03-31T22:18:42.054193
206,ข้าวโพดหวาน – เบอร์กลาง,2025-12-22,15.0,16.0,กก.,2026-03-31T22:18:42.054196
206,ข้าวโพดหวาน – เบอร์กลาง,2025-12-23,15.0,16.0,กก.,2026-03-31T22:18:42.054199
206,ข้าวโพดหวาน – เบอร์กลาง,2025-12-24,13.0,14.0,กก.,2026-03-31T22:18:42.054203
206,ข้าวโพดหวาน – เบอร์กลาง,2025-12-25,13.0,14.0,กก.,2026-03-31T22:18:42.054206
206,ข้าวโพดหวาน – เบอร์กลาง,2025-12-26,13.0,14.0,กก.,2026-03-31T22:18:42.054209
206,ข้าวโพดหวาน – เบอร์กลาง,2025-12-27,14.0,15.0,กก.,2026-03-31T22:18:42.054213
206,ข้าวโพดหวาน – เบอร์กลาง,2025-12-28,14.0,16.0,กก.,2026-03-31T22:18:42.054216
206,ข้าวโพดหวาน – เบอร์กลาง,2025-12-29,14.0,16.0,กก.,2026-03-31T22:18:42.054219
206,ข้าวโพดหวาน – เบอร์กลาง,2025-12-30,14.0,16.0,กก.,2026-03-31T22:18:42.054223
206,ข้าวโพดหวาน – เบอร์กลาง,2025-12-31,14.0,16.0,กก.,2026-03-31T22:18:42.054226
206,ข้าวโพดหวาน – เบอร์กลาง,2026-01-01,14.0,16.0,กก.,2026-03-31T22:18:42.054229
206,ข้าวโพดหวาน – เบอร์กลาง,2026-01-02,14.0,16.0,กก.,2026-03-31T22:18:42.054232
206,ข้าวโพดหวาน – เบอร์กลาง,2026-01-03,14.0,16.0,กก.,2026-03-31T22:18:42.054236
206,ข้าวโพดหวาน – เบอร์กลาง,2026-01-04,14.0,16.0,กก.,2026-03-31T22:18:42.054239
206,ข้าวโพดหวาน – เบอร์กลาง,2026-01-05,14.0,15.0,กก.,2026-03-31T22:18:42.054242
206,ข้าวโพดหวาน – เบอร์กลาง,2026-01-06,14.0,15.0,กก.,2026-03-31T22:18:42.054246
206,ข้าวโพดหวาน – เบอร์กลาง,2026-01-07,14.0,15.0,กก.,2026-03-31T22:18:42.054249
206,ข้าวโพดหวาน – เบอร์กลาง,2026-01-08,14.0,15.0,กก.,2026-03-31T22:18:42.054252
206,ข้าวโพดหวาน – เบอร์กลาง,2026-01-09,14.0,15.0,กก.,2026-03-31T22:18:42.054256
206,ข้าวโพดหวาน – เบอร์กลาง,2026-01-10,14.0,15.0,กก.,2026-03-31T22:18:42.054259
206,ข้าวโพดหวาน – เบอร์กลาง,2026-01-11,14.0,15.0,กก.,2026-03-31T22:18:42.054262
206,ข้าวโพดหวาน – เบอร์กลาง,2026-01-12,14.0,15.0,กก.,2026-03-31T22:18:42.054265
206,ข้าวโพดหวาน – เบอร์กลาง,2026-01-13,10.0,12.0,กก.,2026-03-31T22:18:42.054269
206,ข้าวโพดหวาน – เบอร์กลาง,2026-01-14,14.0,15.0,กก.,2026-03-31T22:18:42.054272
206,ข้าวโพดหวาน – เบอร์กลาง,2026-01-15,14.0,15.0,กก.,2026-03-31T22:18:42.054275
206,ข้าวโพดหวาน – เบอร์กลาง,2026-01-16,14.0,15.0,กก.,2026-03-31T22:18:42.054278
206,ข้าวโพดหวาน – เบอร์กลาง,2026-01-17,14.0,15.0,กก.,2026-03-31T22:18:42.054282
206,ข้าวโพดหวาน – เบอร์กลาง,2026-01-18,14.0,15.0,กก.,2026-03-31T22:18:42.054285
206,ข้าวโพดหวาน – เบอร์กลาง,2026-01-19,10.0,13.0,กก.,2026-03-31T22:18:42.054288
206,ข้าวโพดหวาน – เบอร์กลาง,2026-01-20,10.0,13.0,กก.,2026-03-31T22:18:42.054292
206,ข้าวโพดหวาน – เบอร์กลาง,2026-01-21,10.0,13.0,กก.,2026-03-31T22:18:42.054295
206,ข้าวโพดหวาน – เบอร์กลาง,2026-01-22,10.0,13.0,กก.,2026-03-31T22:18:42.054298
206,ข้าวโพดหวาน – เบอร์กลาง,2026-01-23,10.0,13.0,กก.,2026-03-31T22:18:42.054301
206,ข้าวโพดหวาน – เบอร์กลาง,2026-01-24,10.0,13.0,กก.,2026-03-31T22:18:42.054305
206,ข้าวโพดหวาน – เบอร์กลาง,2026-01-25,10.0,13.0,กก.,2026-03-31T22:18:42.054308
206,ข้าวโพดหวาน – เบอร์กลาง,2026-01-26,10.0,13.0,กก.,2026-03-31T22:18:42.054311
206,ข้าวโพดหวาน – เบอร์กลาง,2026-01-27,10.0,13.0,กก.,2026-03-31T22:18:42.054315
206,ข้าวโพดหวาน – เบอร์กลาง,2026-01-28,10.0,13.0,กก.,2026-03-31T22:18:42.054318
206,ข้าวโพดหวาน – เบอร์กลาง,2026-01-29,10.0,13.0,กก.,2026-03-31T22:18:42.054322
206,ข้าวโพดหวาน – เบอร์กลาง,2026-01-30,10.0,13.0,กก.,2026-03-31T22:18:42.054325
206,ข้าวโพดหวาน – เบอร์กลาง,2026-01-31,10.0,13.0,กก.,2026-03-31T22:18:42.054329
206,ข้าวโพดหวาน – เบอร์กลาง,2026-02-01,10.0,13.0,กก.,2026-03-31T22:18:42.054332
206,ข้าวโพดหวาน – เบอร์กลาง,2026-02-02,10.0,13.0,กก.,2026-03-31T22:18:42.054336
206,ข้าวโพดหวาน – เบอร์กลาง,2026-02-03,10.0,13.0,กก.,2026-03-31T22:18:42.054339
206,ข้าวโพดหวาน – เบอร์กลาง,2026-02-04,10.0,13.0,กก.,2026-03-31T22:18:42.054343
206,ข้าวโพดหวาน – เบอร์กลาง,2026-02-05,10.0,12.0,กก.,2026-03-31T22:18:42.054347
206,ข้าวโพดหวาน – เบอร์กลาง,2026-02-06,10.0,12.0,กก.,2026-03-31T22:18:42.054350
206,ข้าวโพดหวาน – เบอร์กลาง,2026-02-07,10.0,12.0,กก.,2026-03-31T22:18:42.054354
206,ข้าวโพดหวาน – เบอร์กลาง,2026-02-08,10.0,12.0,กก.,2026-03-31T22:18:42.054363
206,ข้าวโพดหวาน – เบอร์กลาง,2026-02-09,10.0,12.0,กก.,2026-03-31T22:18:42.054367
206,ข้าวโพดหวาน – เบอร์กลาง,2026-02-10,10.0,12.0,กก.,2026-03-31T22:18:42.054370
206,ข้าวโพดหวาน – เบอร์กลาง,2026-02-11,10.0,12.0,กก.,2026-03-31T22:18:42.054373
206,ข้าวโพดหวาน – เบอร์กลาง,2026-02-12,10.0,12.0,กก.,2026-03-31T22:18:42.054377
206,ข้าวโพดหวาน – เบอร์กลาง,2026-02-13,8.0,10.0,กก.,2026-03-31T22:18:42.054380
206,ข้าวโพดหวาน – เบอร์กลาง,2026-02-14,10.0,12.0,กก.,2026-03-31T22:18:42.054383
206,ข้าวโพดหวาน – เบอร์กลาง,2026-02-15,10.0,12.0,กก.,2026-03-31T22:18:42.054387
206,ข้าวโพดหวาน – เบอร์กลาง,2026-02-16,10.0,12.0,กก.,2026-03-31T22:18:42.054390
206,ข้าวโพดหวาน – เบอร์กลาง,2026-02-17,10.0,12.0,กก.,2026-03-31T22:18:42.054393
206,ข้าวโพดหวาน – เบอร์กลาง,2026-02-18,10.0,12.0,กก.,2026-03-31T22:18:42.054397
206,ข้าวโพดหวาน – เบอร์กลาง,2026-02-19,10.0,12.0,กก.,2026-03-31T22:18:42.054400
206,ข้าวโพดหวาน – เบอร์กลาง,2026-02-20,10.0,12.0,กก.,2026-03-31T22:18:42.054404
206,ข้าวโพดหวาน – เบอร์กลาง,2026-02-21,10.0,12.0,กก.,2026-03-31T22:18:42.054407
206,ข้าวโพดหวาน – เบอร์กลาง,2026-02-22,10.0,12.0,กก.,2026-03-31T22:18:42.054411
206,ข้าวโพดหวาน – เบอร์กลาง,2026-02-23,10.0,12.0,กก.,2026-03-31T22:18:42.054414
206,ข้าวโพดหวาน – เบอร์กลาง,2026-02-24,10.0,12.0,กก.,2026-03-31T22:18:42.054418
206,ข้าวโพดหวาน – เบอร์กลาง,2026-02-25,10.0,12.0,กก.,2026-03-31T22:18:42.054421
206,ข้าวโพดหวาน – เบอร์กลาง,2026-02-26,10.0,12.0,กก.,2026-03-31T22:18:42.054425
206,ข้าวโพดหวาน – เบอร์กลาง,2026-02-27,10.0,12.0,กก.,2026-03-31T22:18:42.054428
206,ข้าวโพดหวาน – เบอร์กลาง,2026-02-28,10.0,12.0,กก.,2026-03-31T22:18:42.054431
206,ข้าวโพดหวาน – เบอร์กลาง,2026-03-01,8.0,10.0,กก.,2026-03-31T22:18:42.054434
206,ข้าวโพดหวาน – เบอร์กลาง,2026-03-02,8.0,10.0,กก.,2026-03-31T22:18:42.054438
206,ข้าวโพดหวาน – เบอร์กลาง,2026-03-03,8.0,10.0,กก.,2026-03-31T22:18:42.054441
206,ข้าวโพดหวาน – เบอร์กลาง,2026-03-04,8.0,10.0,กก.,2026-03-31T22:18:42.054445
206,ข้าวโพดหวาน – เบอร์กลาง,2026-03-05,8.0,10.0,กก.,2026-03-31T22:18:42.054448
206,ข้าวโพดหวาน – เบอร์กลาง,2026-03-06,8.0,10.0,กก.,2026-03-31T22:18:42.054452
206,ข้าวโพดหวาน – เบอร์กลาง,2026-03-07,8.0,10.0,กก.,2026-03-31T22:18:42.054455
206,ข้าวโพดหวาน – เบอร์กลาง,2026-03-08,8.0,10.0,กก.,2026-03-31T22:18:42.054458
206,ข้าวโพดหวาน – เบอร์กลาง,2026-03-09,8.0,10.0,กก.,2026-03-31T22:18:42.054462
206,ข้าวโพดหวาน – เบอร์กลาง,2026-03-10,8.0,10.0,กก.,2026-03-31T22:18:42.054465
206,ข้าวโพดหวาน – เบอร์กลาง,2026-03-11,8.0,10.0,กก.,2026-03-31T22:18:42.054468
206,ข้าวโพดหวาน – เบอร์กลาง,2026-03-12,8.0,10.0,กก.,2026-03-31T22:18:42.054472
206,ข้าวโพดหวาน – เบอร์กลาง,2026-03-13,8.0,10.0,กก.,2026-03-31T22:18:42.054475
206,ข้าวโพดหวาน – เบอร์กลาง,2026-03-14,8.0,10.0,กก.,2026-03-31T22:18:42.054478
206,ข้าวโพดหวาน – เบอร์กลาง,2026-03-15,8.0,10.0,กก.,2026-03-31T22:18:42.054481
206,ข้าวโพดหวาน – เบอร์กลาง,2026-03-16,8.0,10.0,กก.,2026-03-31T22:18:42.054485
206,ข้าวโพดหวาน – เบอร์กลาง,2026-03-17,8.0,10.0,กก.,2026-03-31T22:18:42.054488
206,ข้าวโพดหวาน – เบอร์กลาง,2026-03-18,8.0,10.0,กก.,2026-03-31T22:18:42.054491
206,ข้าวโพดหวาน – เบอร์กลาง,2026-03-19,8.0,10.0,กก.,2026-03-31T22:18:42.054494
206,ข้าวโพดหวาน – เบอร์กลาง,2026-03-20,8.0,10.0,กก.,2026-03-31T22:18:42.054498
206,ข้าวโพดหวาน – เบอร์กลาง,2026-03-21,8.0,10.0,กก.,2026-03-31T22:18:42.054501
206,ข้าวโพดหวาน – เบอร์กลาง,2026-03-22,8.0,10.0,กก.,2026-03-31T22:18:42.054504
206,ข้าวโพดหวาน – เบอร์กลาง,2026-03-23,8.0,10.0,กก.,2026-03-31T22:18:42.054507
206,ข้าวโพดหวาน – เบอร์กลาง,2026-03-24,8,10,กก.,2026-03-31T22:18:42.054511
206,ข้าวโพดหวาน – เบอร์กลาง,2026-03-25,8,10,กก.,2026-03-31T22:18:42.054514
206,ข้าวโพดหวาน – เบอร์กลาง,2026-03-26,8,10,กก.,2026-03-31T22:18:42.054517
206,ข้าวโพดหวาน – เบอร์กลาง,2026-03-27,8,10,กก.,2026-03-31T22:18:42.054520
206,ข้าวโพดหวาน – เบอร์กลาง,2026-03-28,8,10,กก.,2026-03-31T22:18:42.054523
206,ข้าวโพดหวาน – เบอร์กลาง,2026-03-29,8,10,กก.,2026-03-31T22:18:42.054526
206,ข้าวโพดหวาน – เบอร์กลาง,2026-03-30,8,10,กก.,2026-03-31T22:18:42.054530
206,ข้าวโพดหวาน – เบอร์กลาง,2026-03-31,8,10,กก.,2026-03-31T22:18:42.054533
206,ข้าวโพดหวาน – เบอร์กลาง,2026-04-01,8,10,กก.,2026-04-01T01:56:35.457424
